date,time,city,tempC,tempF,windspeedMiles,windspeedKmph,winddirDegree,winddir16Point,weatherCode,weatherDesc,precipMM,precipInches,humidity,visibility,visibilityMiles,pressure,pressureInches,cloudcover,HeatIndexC,HeatIndexF,DewPointC,DewPointF,WindChillC,WindChillF,WindGustMiles,WindGustKmph,FeelsLikeC,FeelsLikeF,uvIndex
2021-03-01,0,Houston,21,70,7,12,176,S,119,Cloudy,0.3,0.0,92,10,6,1013,30,69,22,72,20,68,21,70,11,18,21,70,1
2021-03-01,300,Houston,21,69,8,13,180,S,353,Light rain shower,0.8,0.0,95,10,6,1013,30,90,21,69,20,68,21,69,12,19,21,69,1
2021-03-01,600,Houston,20,69,5,8,239,WSW,353,Light rain shower,2.8,0.1,96,8,4,1014,30,100,20,69,20,68,20,69,8,13,20,69,5
2021-03-01,900,Houston,21,69,4,6,305,NW,356,Moderate or heavy rain shower,1.6,0.1,88,9,5,1016,30,100,21,69,19,65,21,69,5,8,21,69,5
2021-03-01,1200,Houston,21,70,7,11,325,NW,353,Light rain shower,1.0,0.0,80,10,6,1017,31,100,23,74,17,63,21,70,9,14,21,70,5
2021-03-01,1500,Houston,19,66,9,15,324,NW,353,Light rain shower,5.1,0.2,83,8,4,1017,31,100,20,68,16,61,19,66,15,23,19,66,4
2021-03-01,1800,Houston,18,64,10,17,341,NNW,356,Moderate or heavy rain shower,8.4,0.3,83,6,3,1018,31,100,18,64,15,58,18,64,18,29,18,64,1
2021-03-01,2100,Houston,16,61,12,19,341,NNW,308,Heavy rain,3.0,0.1,80,8,5,1020,31,100,16,61,13,55,16,61,17,27,16,61,1
2021-03-02,0,Houston,15,59,9,14,31,NNE,302,Moderate rain,5.5,0.2,83,7,4,1021,31,100,15,59,12,54,15,58,11,18,15,58,1
2021-03-02,300,Houston,15,58,7,12,246,WSW,302,Moderate rain,2.5,0.1,83,4,2,1020,31,100,15,58,12,53,14,57,9,15,14,57,1
2021-03-02,600,Houston,14,57,10,16,337,NNW,266,Light drizzle,0.8,0.0,82,7,4,1020,31,100,14,57,11,52,13,55,13,20,13,55,3
2021-03-02,900,Houston,14,56,12,19,334,NNW,296,Light rain,0.3,0.0,73,10,6,1021,31,53,14,56,9,48,12,54,14,23,12,54,3
2021-03-02,1200,Houston,16,60,13,21,337,NNW,116,Partly cloudy,0.0,0.0,58,10,6,1022,31,12,16,60,7,45,15,59,15,24,15,59,5
2021-03-02,1500,Houston,18,64,13,21,336,NNW,116,Partly cloudy,0.0,0.0,46,10,6,1020,31,1,18,64,6,43,18,64,15,24,18,64,5
2021-03-02,1800,Houston,16,62,12,19,348,NNW,113,Clear,0.0,0.0,46,10,6,1019,31,0,16,62,5,41,16,62,14,23,16,62,1
2021-03-02,2100,Houston,14,57,10,16,124,ESE,113,Clear,0.0,0.0,52,10,6,1021,31,0,14,57,4,40,13,55,13,21,13,55,1
2021-03-03,0,Houston,12,54,7,12,39,NE,116,Partly cloudy,0.0,0.0,65,10,6,1022,31,11,12,54,6,42,11,52,9,15,11,52,1
2021-03-03,300,Houston,11,52,6,10,42,NE,116,Partly cloudy,0.0,0.0,70,10,6,1022,31,13,11,52,6,42,10,50,8,12,10,50,1
2021-03-03,600,Houston,11,52,5,8,39,NE,116,Partly cloudy,0.0,0.0,73,10,6,1022,31,6,11,52,6,43,10,50,6,10,10,50,4
2021-03-03,900,Houston,12,53,4,7,50,NE,116,Partly cloudy,0.0,0.0,66,10,6,1023,31,3,12,53,6,42,11,53,5,8,11,53,4
2021-03-03,1200,Houston,16,61,4,6,63,ENE,116,Partly cloudy,0.0,0.0,44,10,6,1023,31,6,16,61,3,38,16,60,4,6,16,60,5
2021-03-03,1500,Houston,21,70,2,3,63,ENE,116,Partly cloudy,0.0,0.0,28,10,6,1021,31,4,21,70,2,35,21,70,2,4,21,70,6
2021-03-03,1800,Houston,21,69,2,3,113,ESE,116,Partly cloudy,0.0,0.0,28,10,6,1020,31,8,21,70,2,35,21,69,2,4,21,69,1
2021-03-03,2100,Houston,17,63,5,8,166,SSE,116,Partly cloudy,0.0,0.0,48,10,6,1021,31,17,20,68,5,40,17,63,6,10,17,63,1
2021-03-04,0,Houston,16,60,4,7,181,S,116,Partly cloudy,0.0,0.0,49,10,6,1023,31,1,16,60,5,41,15,60,5,8,15,60,1
2021-03-04,300,Houston,15,59,3,5,182,S,113,Clear,0.0,0.0,50,10,6,1022,31,2,15,59,5,40,15,59,3,5,15,59,1
2021-03-04,600,Houston,13,55,3,5,146,SSE,116,Partly cloudy,0.0,0.0,53,10,6,1022,31,5,13,55,4,39,13,55,5,8,13,55,4
2021-03-04,900,Houston,14,57,4,6,130,SE,116,Partly cloudy,0.0,0.0,53,10,6,1023,31,7,14,57,5,40,14,57,5,8,14,57,4
2021-03-04,1200,Houston,18,64,6,10,136,SE,116,Partly cloudy,0.0,0.0,43,10,6,1022,31,12,18,64,5,41,18,64,7,12,18,64,5
2021-03-04,1500,Houston,20,67,9,14,142,SE,116,Partly cloudy,0.0,0.0,41,10,6,1020,31,17,20,67,6,43,20,67,10,16,20,67,5
2021-03-04,1800,Houston,18,64,10,15,146,SSE,116,Partly cloudy,0.0,0.0,48,10,6,1018,31,22,18,64,6,44,18,64,12,20,18,64,1
2021-03-04,2100,Houston,16,60,8,13,146,SSE,116,Partly cloudy,0.0,0.0,61,10,6,1018,31,8,16,60,8,46,16,60,11,17,16,60,1
2021-03-05,0,Houston,15,59,8,13,142,SE,113,Clear,0.0,0.0,67,10,6,1017,31,0,15,59,9,47,14,58,11,18,14,58,1
2021-03-05,300,Houston,14,58,5,8,129,SE,113,Clear,0.0,0.0,75,10,6,1016,30,19,14,58,10,50,14,57,8,12,14,57,1
2021-03-05,600,Houston,14,57,4,7,133,SE,116,Partly cloudy,0.0,0.0,82,10,6,1015,30,46,14,57,11,51,14,57,7,12,14,57,4
2021-03-05,900,Houston,15,59,5,8,147,SSE,116,Partly cloudy,0.0,0.0,81,10,6,1016,30,80,15,59,12,53,15,59,8,13,15,59,5
2021-03-05,1200,Houston,17,63,4,7,174,S,122,Overcast,0.0,0.0,79,10,6,1015,30,85,17,63,14,57,17,63,6,9,17,63,4
2021-03-05,1500,Houston,21,70,5,8,242,WSW,119,Cloudy,0.1,0.0,67,10,6,1013,30,80,23,73,15,58,21,70,6,9,21,70,5
2021-03-05,1800,Houston,22,72,3,5,318,NW,353,Light rain shower,0.3,0.0,57,10,6,1013,30,68,25,76,13,56,22,72,4,7,25,76,1
2021-03-05,2100,Houston,21,69,3,4,134,SE,353,Light rain shower,0.2,0.0,63,10,6,1015,30,68,21,70,13,56,21,69,4,6,21,69,1
2021-03-06,0,Houston,17,63,10,17,332,NNW,176,Patchy rain possible,0.1,0.0,64,10,6,1016,30,72,17,63,10,50,17,63,16,26,17,63,1
2021-03-06,300,Houston,15,60,11,18,126,SE,176,Patchy rain possible,0.0,0.0,78,10,6,1017,31,91,15,60,12,53,15,58,16,26,15,58,1
2021-03-06,600,Houston,15,59,13,21,28,NNE,122,Overcast,0.0,0.0,80,10,6,1019,31,89,15,59,12,53,15,58,17,28,15,58,4
2021-03-06,900,Houston,15,59,12,19,31,NNE,119,Cloudy,0.0,0.0,76,10,6,1022,31,86,15,59,11,51,14,58,15,24,14,58,4
2021-03-06,1200,Houston,17,62,11,18,30,NNE,122,Overcast,0.1,0.0,63,10,6,1024,31,85,17,62,9,49,16,61,13,21,16,61,4
2021-03-06,1500,Houston,19,66,10,16,41,NE,176,Patchy rain possible,0.0,0.0,50,10,6,1023,31,48,19,66,8,47,19,66,12,19,19,66,4
2021-03-06,1800,Houston,18,65,10,16,63,ENE,116,Partly cloudy,0.0,0.0,52,10,6,1022,31,19,18,65,8,47,18,65,13,20,18,65,1
2021-03-06,2100,Houston,16,61,10,15,69,ENE,116,Partly cloudy,0.0,0.0,59,10,6,1023,31,61,16,61,8,46,16,61,13,22,16,61,1
2021-03-07,0,Houston,14,57,10,16,61,ENE,116,Partly cloudy,0.0,0.0,52,10,6,1026,31,72,14,57,5,40,13,56,15,23,13,56,1
2021-03-07,300,Houston,12,54,9,14,70,ENE,122,Overcast,0.0,0.0,50,10,6,1026,31,97,12,54,2,36,11,52,13,20,11,52,1
2021-03-07,600,Houston,11,51,8,12,68,ENE,122,Overcast,0.0,0.0,53,10,6,1027,31,99,11,51,2,35,9,48,11,17,9,48,3
2021-03-07,900,Houston,11,52,7,11,72,ENE,122,Overcast,0.0,0.0,52,10,6,1029,31,57,11,52,2,35,10,50,8,13,10,50,3
2021-03-07,1200,Houston,15,60,6,10,98,E,116,Partly cloudy,0.0,0.0,43,10,6,1030,31,19,15,60,3,37,15,59,7,12,15,59,5
2021-03-07,1500,Houston,19,66,8,12,124,SE,116,Partly cloudy,0.0,0.0,37,10,6,1028,31,5,19,66,4,39,19,66,9,14,19,66,5
2021-03-07,1800,Houston,17,63,10,15,135,SE,116,Partly cloudy,0.0,0.0,48,10,6,1028,31,9,17,63,6,43,17,63,12,19,17,63,1
2021-03-07,2100,Houston,15,59,8,12,121,ESE,116,Partly cloudy,0.0,0.0,61,10,6,1029,31,8,15,59,8,46,15,59,10,16,15,59,1
2021-03-08,0,Houston,14,57,6,9,132,SE,116,Partly cloudy,0.0,0.0,58,10,6,1031,31,4,14,57,6,42,13,56,7,12,13,56,1
2021-03-08,300,Houston,13,55,4,7,104,ESE,116,Partly cloudy,0.0,0.0,70,10,6,1030,31,13,13,55,8,46,13,55,6,10,13,55,1
2021-03-08,600,Houston,12,53,5,9,72,ENE,116,Partly cloudy,0.0,0.0,76,10,6,1030,31,14,12,53,8,46,11,52,8,13,11,52,4
2021-03-08,900,Houston,13,56,7,11,83,E,116,Partly cloudy,0.0,0.0,67,10,6,1031,31,21,13,56,7,45,12,54,9,14,12,54,4
2021-03-08,1200,Houston,18,64,8,13,110,ESE,116,Partly cloudy,0.0,0.0,53,10,6,1032,31,40,18,64,8,46,17,63,10,15,17,63,5
2021-03-08,1500,Houston,19,66,11,17,127,SE,116,Partly cloudy,0.0,0.0,56,10,6,1030,31,73,19,66,10,50,19,66,12,20,19,66,5
2021-03-08,1800,Houston,18,64,11,18,126,SE,119,Cloudy,0.0,0.0,66,10,6,1029,31,85,18,64,11,52,18,64,15,23,18,64,1
2021-03-08,2100,Houston,17,63,11,18,124,ESE,119,Cloudy,0.0,0.0,72,10,6,1029,31,78,17,63,12,54,17,63,17,27,17,63,1
2021-03-09,0,Houston,17,62,10,16,134,SE,122,Overcast,0.0,0.0,77,10,6,1029,31,69,17,62,13,55,17,62,15,25,17,62,1
2021-03-09,300,Houston,16,61,8,13,137,SE,116,Partly cloudy,0.0,0.0,82,10,6,1028,31,33,16,61,13,55,16,61,13,22,16,61,1
2021-03-09,600,Houston,16,60,8,13,137,SE,116,Partly cloudy,0.0,0.0,87,10,6,1027,31,39,16,60,13,56,16,60,13,22,16,60,5
2021-03-09,900,Houston,18,64,11,17,144,SE,116,Partly cloudy,0.0,0.0,77,10,6,1027,31,49,18,64,14,57,18,64,15,24,18,64,5
2021-03-09,1200,Houston,21,69,13,21,158,SSE,116,Partly cloudy,0.1,0.0,63,10,6,1027,31,73,23,73,14,56,21,69,16,26,21,69,6
2021-03-09,1500,Houston,21,70,15,24,157,SSE,353,Light rain shower,0.2,0.0,65,10,6,1026,31,84,22,71,14,57,21,70,18,28,21,70,5
2021-03-09,1800,Houston,20,68,13,21,153,SSE,353,Light rain shower,0.2,0.0,69,9,5,1024,31,78,20,68,14,57,20,68,17,28,20,68,1
2021-03-09,2100,Houston,18,65,11,18,150,SSE,176,Patchy rain possible,0.1,0.0,73,10,6,1024,31,30,18,65,13,56,18,65,17,27,18,65,1
2021-02-01,0,Houston,12,54,13,21,347,NNW,113,Clear,0.0,0.0,45,10,6,1027,31,0,12,54,1,33,10,50,18,30,10,50,1
2021-02-01,300,Houston,11,51,12,19,346,NNW,113,Clear,0.0,0.0,48,10,6,1027,31,3,11,51,0,32,8,47,17,27,8,47,1
2021-02-01,600,Houston,9,49,11,18,349,NNW,116,Partly cloudy,0.0,0.0,52,10,6,1027,31,1,9,49,-0,32,7,44,16,25,7,44,3
2021-02-01,900,Houston,9,48,11,17,352,N,113,Sunny,0.0,0.0,52,10,6,1029,31,5,9,48,-0,31,7,44,13,22,7,44,3
2021-02-01,1200,Houston,12,54,9,15,348,NNW,116,Partly cloudy,0.0,0.0,40,10,6,1029,31,7,12,54,-1,30,11,51,11,17,11,51,4
2021-02-01,1500,Houston,16,61,8,13,342,NNW,116,Partly cloudy,0.0,0.0,27,10,6,1027,31,2,16,61,-3,27,16,60,10,15,16,60,5
2021-02-01,1800,Houston,16,61,8,12,348,NNW,113,Clear,0.0,0.0,28,10,6,1026,31,5,16,61,-3,27,16,61,10,16,16,61,1
2021-02-01,2100,Houston,14,58,6,10,357,N,116,Partly cloudy,0.0,0.0,34,10,6,1026,31,18,14,58,-1,30,14,57,9,14,14,57,1
2021-02-02,0,Houston,13,55,6,9,138,SE,116,Partly cloudy,0.0,0.0,40,10,6,1027,31,13,13,55,-1,31,12,53,8,13,12,53,1
2021-02-02,300,Houston,12,54,4,7,43,NE,116,Partly cloudy,0.0,0.0,46,10,6,1026,31,3,12,54,1,33,12,53,5,8,12,53,1
2021-02-02,600,Houston,10,50,4,7,50,NE,116,Partly cloudy,0.0,0.0,50,10,6,1026,31,6,10,50,0,33,10,49,5,8,10,49,4
2021-02-02,900,Houston,10,50,5,8,72,ENE,116,Partly cloudy,0.0,0.0,51,10,6,1027,31,15,10,50,0,32,9,48,6,10,9,48,3
2021-02-02,1200,Houston,13,55,5,9,114,ESE,116,Partly cloudy,0.0,0.0,40,10,6,1026,31,22,13,55,-1,31,12,54,6,10,12,54,4
2021-02-02,1500,Houston,16,61,6,9,151,SSE,116,Partly cloudy,0.0,0.0,33,10,6,1024,31,17,16,61,-0,32,16,61,7,11,16,61,5
2021-02-02,1800,Houston,15,59,8,12,159,SSE,116,Partly cloudy,0.0,0.0,46,10,6,1022,31,18,15,59,3,37,14,58,10,16,14,58,1
2021-02-02,2100,Houston,13,55,8,12,159,SSE,116,Partly cloudy,0.0,0.0,56,10,6,1023,31,11,13,55,4,39,12,53,10,17,12,53,1
2021-02-03,0,Houston,12,54,6,10,146,SSE,116,Partly cloudy,0.0,0.0,60,10,6,1023,31,6,12,54,5,41,12,53,8,12,12,53,1
2021-02-03,300,Houston,12,54,5,9,134,SE,116,Partly cloudy,0.0,0.0,65,10,6,1022,31,4,12,54,6,43,12,53,7,11,12,53,1
2021-02-03,600,Houston,12,53,6,9,124,SE,116,Partly cloudy,0.0,0.0,72,10,6,1021,31,4,12,53,7,45,11,51,9,14,11,51,4
2021-02-03,900,Houston,13,55,8,13,126,SE,116,Partly cloudy,0.0,0.0,71,10,6,1021,31,3,13,55,8,46,12,53,11,17,12,53,4
2021-02-03,1200,Houston,17,62,10,15,144,SE,116,Partly cloudy,0.0,0.0,63,10,6,1021,31,45,17,62,9,49,16,61,11,18,16,61,5
2021-02-03,1500,Houston,18,65,11,18,152,SSE,119,Cloudy,0.0,0.0,61,10,6,1019,31,72,18,65,11,51,18,65,13,21,18,65,4
2021-02-03,1800,Houston,18,64,12,19,158,SSE,119,Cloudy,0.0,0.0,65,10,6,1017,31,67,18,64,11,52,18,64,16,26,18,64,1
2021-02-03,2100,Houston,17,63,11,17,165,SSE,119,Cloudy,0.0,0.0,70,10,6,1016,30,63,17,63,12,53,17,63,16,26,17,63,1
2021-02-04,0,Houston,17,63,11,18,174,S,116,Partly cloudy,0.0,0.0,76,10,6,1015,30,41,17,63,13,55,17,63,18,29,17,63,1
2021-02-04,300,Houston,17,63,12,19,183,S,116,Partly cloudy,0.0,0.0,78,10,6,1013,30,56,17,63,14,56,17,63,19,30,17,63,1
2021-02-04,600,Houston,18,64,11,18,192,SSW,119,Cloudy,0.1,0.0,82,10,6,1011,30,85,18,64,14,58,18,64,18,29,18,64,4
2021-02-04,900,Houston,19,65,12,19,203,SSW,176,Patchy rain possible,0.0,0.0,79,10,6,1011,30,92,19,65,15,59,19,65,19,30,19,65,4
2021-02-04,1200,Houston,21,69,15,23,215,SW,122,Overcast,0.1,0.0,72,10,6,1010,30,97,23,73,16,60,21,69,20,32,21,69,5
2021-02-04,1500,Houston,22,72,15,25,220,SW,176,Patchy rain possible,0.0,0.0,68,10,6,1008,30,99,25,76,16,61,22,72,20,32,25,76,5
2021-02-04,1800,Houston,22,71,12,19,213,SSW,122,Overcast,0.0,0.0,73,10,6,1008,30,52,24,76,17,62,22,71,17,27,22,71,1
2021-02-04,2100,Houston,19,66,13,21,75,ENE,116,Partly cloudy,0.3,0.0,59,10,6,1010,30,62,20,68,10,51,19,66,18,29,19,66,1
2021-02-05,0,Houston,17,62,11,18,139,SE,266,Light drizzle,0.5,0.0,61,2,1,1012,30,100,17,62,9,48,17,62,15,24,17,62,1
2021-02-05,300,Houston,15,58,13,21,39,NE,266,Light drizzle,0.2,0.0,57,7,4,1013,30,76,15,58,6,43,14,56,17,28,14,56,1
2021-02-05,600,Houston,13,56,12,19,48,NE,119,Cloudy,0.0,0.0,54,10,6,1013,30,75,13,56,4,40,11,53,16,25,11,53,3
2021-02-05,900,Houston,12,54,11,18,55,NE,119,Cloudy,0.1,0.0,49,10,6,1014,30,83,12,54,2,36,11,51,14,23,11,51,3
2021-02-05,1200,Houston,13,56,9,15,56,NE,176,Patchy rain possible,0.0,0.0,46,10,6,1015,30,95,13,56,2,35,12,53,12,19,12,53,3
2021-02-05,1500,Houston,14,57,7,12,65,ENE,122,Overcast,0.0,0.0,45,10,6,1015,30,57,14,57,2,36,13,55,9,15,13,55,3
2021-02-05,1800,Houston,14,56,7,12,74,ENE,116,Partly cloudy,0.0,0.0,46,10,6,1014,30,31,14,56,2,36,13,55,9,15,13,55,1
2021-02-05,2100,Houston,13,55,8,12,76,ENE,116,Partly cloudy,0.0,0.0,48,10,6,1015,30,17,13,55,2,35,11,53,11,17,11,53,1
2021-02-06,0,Houston,10,51,8,13,93,E,122,Overcast,0.0,0.0,57,10,6,1014,30,84,10,51,2,36,9,47,11,17,9,47,1
2021-02-06,300,Houston,10,50,7,12,95,E,119,Cloudy,0.0,0.0,67,10,6,1012,30,86,10,50,4,40,9,47,10,16,9,47,1
2021-02-06,600,Houston,11,51,7,12,91,E,122,Overcast,0.0,0.0,76,10,6,1011,30,97,11,51,7,44,9,49,10,15,9,49,3
2021-02-06,900,Houston,12,53,5,9,74,ENE,122,Overcast,0.0,0.0,78,10,6,1011,30,98,12,53,8,46,11,51,7,11,11,51,3
2021-02-06,1200,Houston,15,60,3,5,114,ESE,122,Overcast,0.0,0.0,71,10,6,1012,30,88,15,60,10,50,15,59,4,6,15,59,4
2021-02-06,1500,Houston,18,64,6,10,222,SW,119,Cloudy,0.0,0.0,70,10,6,1011,30,80,18,64,12,54,18,64,9,14,18,64,4
2021-02-06,1800,Houston,16,61,7,12,277,W,119,Cloudy,0.0,0.0,63,10,6,1011,30,26,18,64,11,53,16,61,10,17,16,61,1
2021-02-06,2100,Houston,11,52,12,19,318,NW,113,Clear,0.0,0.0,46,10,6,1014,30,0,14,57,5,40,11,52,18,29,11,52,1
2021-02-07,0,Houston,13,55,13,22,353,N,113,Clear,0.0,0.0,46,10,6,1018,31,0,13,55,1,35,11,52,19,30,11,52,1
2021-02-07,300,Houston,10,50,11,18,126,SE,113,Clear,0.0,0.0,51,10,6,1019,31,0,10,50,0,33,8,46,15,24,8,46,1
2021-02-07,600,Houston,8,47,9,15,36,NE,113,Sunny,0.0,0.0,59,10,6,1019,31,2,8,47,1,33,6,42,13,21,6,42,3
2021-02-07,900,Houston,8,47,7,11,62,ENE,116,Partly cloudy,0.0,0.0,60,10,6,1020,31,5,8,47,1,34,6,43,9,14,6,43,3
2021-02-07,1200,Houston,13,56,5,8,114,ESE,116,Partly cloudy,0.0,0.0,44,10,6,1020,31,2,13,56,1,34,13,55,6,9,13,55,4
2021-02-07,1500,Houston,17,63,6,9,149,SSE,113,Sunny,0.0,0.0,34,10,6,1018,31,0,17,63,1,34,17,63,6,10,17,63,5
2021-02-07,1800,Houston,16,60,7,12,143,SE,113,Clear,0.0,0.0,45,10,6,1017,31,0,16,60,4,38,15,59,9,14,15,59,1
2021-02-07,2100,Houston,13,55,8,13,139,SE,113,Clear,0.0,0.0,60,10,6,1018,31,0,13,55,5,41,12,53,10,16,12,53,1
2021-02-08,0,Houston,13,55,8,12,137,SE,116,Partly cloudy,0.0,0.0,71,10,6,1017,31,55,13,55,8,46,12,53,12,19,12,53,1
2021-02-08,300,Houston,13,55,7,11,126,SE,119,Cloudy,0.0,0.0,76,10,6,1016,30,74,13,55,8,47,11,53,11,18,11,53,1
2021-02-08,600,Houston,13,55,7,12,124,ESE,119,Cloudy,0.0,0.0,78,10,6,1015,30,29,13,55,9,48,12,53,12,19,12,53,3
2021-02-08,900,Houston,14,58,9,14,130,SE,116,Partly cloudy,0.0,0.0,73,10,6,1016,30,14,14,58,10,49,14,57,13,21,14,57,4
2021-02-08,1200,Houston,18,64,11,17,146,SSE,116,Partly cloudy,0.0,0.0,66,10,6,1016,30,53,18,64,11,53,18,64,13,22,18,64,5
2021-02-08,1500,Houston,20,68,11,18,165,SSE,119,Cloudy,0.0,0.0,64,10,6,1014,30,85,20,68,13,56,20,68,14,22,20,68,5
2021-02-08,1800,Houston,20,68,8,13,172,S,122,Overcast,0.0,0.0,70,10,6,1014,30,84,20,68,14,58,20,68,11,17,20,68,1
2021-02-08,2100,Houston,19,66,6,9,155,SSE,119,Cloudy,0.1,0.0,78,10,6,1015,30,63,19,66,15,59,19,66,8,13,19,66,1
2021-02-09,0,Houston,18,64,5,8,138,SE,122,Overcast,0.0,0.0,86,10,6,1017,30,62,18,64,15,59,18,64,8,13,18,64,1
2021-02-09,300,Houston,17,62,4,7,123,ESE,116,Partly cloudy,0.0,0.0,92,5,2,1016,30,49,17,62,15,60,17,62,8,13,17,62,1
2021-02-09,600,Houston,16,61,4,7,116,ESE,143,Mist,0.0,0.0,96,2,1,1016,30,47,16,61,16,60,16,61,8,13,16,61,4
2021-02-09,900,Houston,18,64,5,8,110,ESE,143,Mist,0.0,0.0,91,7,4,1017,31,66,18,64,16,61,18,64,7,12,18,64,4
2021-02-09,1200,Houston,21,70,6,10,110,ESE,119,Cloudy,0.1,0.0,78,9,5,1018,31,78,23,73,17,62,21,70,8,12,21,70,5
2021-02-09,1500,Houston,24,74,9,14,123,ESE,176,Patchy rain possible,0.2,0.0,66,9,5,1016,30,79,25,78,17,62,24,74,10,16,25,78,5
2021-02-09,1800,Houston,22,72,9,15,126,SE,176,Patchy rain possible,0.3,0.0,73,9,5,1015,30,75,23,73,17,62,22,72,12,20,23,73,1
2021-02-09,2100,Houston,20,67,8,13,127,SE,176,Patchy rain possible,0.1,0.0,83,10,6,1016,30,40,20,67,17,62,20,67,12,19,20,67,1
2021-02-10,0,Houston,19,66,5,8,119,ESE,116,Partly cloudy,0.0,0.0,88,10,6,1017,31,64,19,66,17,63,19,66,7,12,19,66,1
2021-02-10,300,Houston,18,65,5,8,126,SE,122,Overcast,0.0,0.0,94,5,2,1016,30,60,18,65,17,63,18,65,8,13,18,65,1
2021-02-10,600,Houston,18,64,4,7,125,SE,143,Mist,0.0,0.0,96,2,1,1015,30,43,18,64,17,63,18,64,8,12,18,64,4
2021-02-10,900,Houston,19,66,5,8,125,SE,143,Mist,0.0,0.0,91,7,4,1016,30,71,19,66,18,64,19,66,7,12,19,66,4
2021-02-10,1200,Houston,23,73,6,10,141,SE,119,Cloudy,0.1,0.0,76,10,6,1016,30,88,24,75,19,65,23,73,8,13,24,75,5
2021-02-10,1500,Houston,26,78,11,17,166,SSE,353,Light rain shower,2.3,0.1,66,8,4,1014,30,79,27,81,19,66,26,78,17,27,27,81,6
2021-02-10,1800,Houston,24,75,11,18,171,S,356,Moderate or heavy rain shower,3.3,0.1,71,7,4,1013,30,74,26,78,18,65,24,75,19,30,26,78,1
2021-02-10,2100,Houston,22,71,8,12,164,SSE,356,Moderate or heavy rain shower,1.1,0.0,83,9,5,1014,30,91,25,76,19,65,22,71,12,19,22,71,1
2021-02-11,0,Houston,20,68,4,6,117,ESE,143,Mist,0.0,0.0,95,2,1,1015,30,98,20,68,19,67,20,68,6,10,20,68,1
2021-02-11,300,Houston,19,67,2,4,80,E,143,Mist,2.4,0.1,96,5,3,1014,30,99,19,67,19,66,19,67,3,5,19,67,1
2021-02-11,600,Houston,19,66,5,8,24,NNE,356,Moderate or heavy rain shower,4.2,0.2,95,7,4,1013,30,97,19,66,18,64,19,66,8,13,19,66,4
2021-02-11,900,Houston,18,65,8,13,236,SW,356,Moderate or heavy rain shower,2.6,0.1,86,9,5,1015,30,99,18,65,16,61,18,65,12,19,18,65,4
2021-02-11,1200,Houston,18,64,10,15,117,ESE,353,Light rain shower,2.9,0.1,78,8,4,1015,30,100,18,64,14,57,18,64,15,25,18,64,4
2021-02-11,1500,Houston,17,63,11,17,239,WSW,356,Moderate or heavy rain shower,1.7,0.1,76,9,5,1014,30,100,17,63,13,56,17,63,15,24,17,63,4
2021-02-11,1800,Houston,17,62,12,20,131,SE,353,Light rain shower,0.8,0.0,79,10,6,1015,30,100,17,62,13,56,17,62,16,26,17,62,1
2021-02-11,2100,Houston,16,60,13,21,21,NNE,353,Light rain shower,0.5,0.0,80,10,6,1017,30,100,16,60,12,54,16,60,17,28,16,60,1
2021-02-12,0,Houston,12,54,10,16,42,NE,122,Overcast,0.0,0.0,83,10,6,1018,31,100,12,54,10,49,11,51,13,21,11,51,1
2021-02-12,300,Houston,12,53,10,17,25,NNE,122,Overcast,0.6,0.0,82,10,6,1017,31,100,12,53,9,48,10,50,14,22,10,50,1
2021-02-12,600,Houston,11,52,12,19,18,NNE,353,Light rain shower,0.3,0.0,81,10,6,1018,31,100,11,52,8,46,9,48,16,25,9,48,3
2021-02-12,900,Houston,10,49,12,20,19,NNE,122,Overcast,0.2,0.0,77,5,2,1020,31,100,10,49,6,42,7,44,15,25,7,44,2
2021-02-12,1200,Houston,8,47,13,21,21,NNE,266,Light drizzle,0.1,0.0,73,7,4,1021,31,100,8,47,4,39,5,41,16,25,5,41,2
2021-02-12,1500,Houston,8,46,12,19,24,NNE,122,Overcast,0.0,0.0,71,10,6,1019,31,100,8,46,3,37,5,40,14,22,5,40,2
2021-02-12,1800,Houston,7,45,12,19,24,NNE,122,Overcast,0.1,0.0,70,10,6,1019,31,100,7,45,2,36,4,40,14,23,4,40,1
2021-02-12,2100,Houston,7,44,11,18,33,NNE,176,Patchy rain possible,0.1,0.0,70,10,6,1020,31,100,7,44,2,35,4,39,14,23,4,39,1
2021-02-13,0,Houston,7,44,11,17,34,NE,266,Light drizzle,0.2,0.0,66,2,1,1020,31,87,7,44,1,34,4,39,14,23,4,39,1
2021-02-13,300,Houston,7,44,10,16,41,NE,266,Light drizzle,0.1,0.0,66,7,4,1019,31,93,7,44,1,33,4,38,13,21,4,38,1
2021-02-13,600,Houston,6,43,11,17,34,NNE,122,Overcast,0.0,0.0,66,10,6,1019,31,98,6,43,0,33,3,37,14,22,3,37,2
2021-02-13,900,Houston,5,42,11,18,25,NNE,122,Overcast,0.1,0.0,66,5,2,1020,31,99,5,42,-0,31,2,35,14,22,2,35,2
2021-02-13,1200,Houston,5,40,11,18,26,NNE,266,Light drizzle,0.1,0.0,69,7,4,1021,31,100,5,40,-1,31,1,33,13,21,1,33,1
2021-02-13,1500,Houston,4,40,11,18,28,NNE,122,Overcast,1.6,0.1,71,9,5,1019,31,100,4,40,-1,31,0,33,14,22,0,33,1
2021-02-13,1800,Houston,2,36,10,17,26,NNE,296,Light rain,0.8,0.0,66,10,6,1019,31,100,5,41,-1,30,1,34,13,21,1,34,1
2021-02-13,2100,Houston,-2,28,10,16,24,NNE,122,Overcast,0.0,0.0,62,10,6,1020,31,100,2,35,-2,29,-2,28,13,21,-2,28,1
2021-02-14,0,Houston,7,45,10,16,43,NE,116,Partly cloudy,0.1,0.0,58,10,6,1019,31,69,7,45,-1,31,4,40,13,21,4,40,1
2021-02-14,300,Houston,6,43,10,17,50,NE,176,Patchy rain possible,0.0,0.0,58,10,6,1018,31,82,6,43,-2,29,3,37,13,21,3,37,1
2021-02-14,600,Houston,5,42,10,15,47,NE,119,Cloudy,0.0,0.0,59,10,6,1018,31,75,5,42,-2,28,2,36,12,19,2,36,2
2021-02-14,900,Houston,5,40,9,15,56,NE,119,Cloudy,0.0,0.0,62,10,6,1019,31,55,5,40,-2,28,1,34,12,19,1,34,1
2021-02-14,1200,Houston,5,41,9,15,60,ENE,116,Partly cloudy,0.0,0.0,63,10,6,1019,31,74,5,41,-1,29,2,36,11,18,2,36,3
2021-02-14,1500,Houston,6,44,9,15,44,NE,119,Cloudy,0.1,0.0,62,10,6,1017,30,96,6,44,-0,31,4,38,11,18,4,38,2
2021-02-14,1800,Houston,4,39,9,14,29,NNE,176,Patchy rain possible,0.0,0.0,61,10,6,1017,30,100,6,43,0,32,3,38,11,18,3,38,1
2021-02-14,2100,Houston,-1,31,11,17,31,NNE,122,Overcast,0.0,0.0,60,10,6,1018,31,82,2,35,-1,30,-1,31,14,22,-1,31,1
2021-02-15,0,Houston,0,33,12,19,7,N,266,Light drizzle,0.1,0.0,74,7,4,1021,31,100,0,33,-4,25,-5,24,15,23,-5,24,1
2021-02-15,300,Houston,-1,29,13,21,231,SW,122,Overcast,1.3,0.1,81,9,5,1022,31,100,-1,29,-4,24,-7,19,17,27,-7,19,1
2021-02-15,600,Houston,-5,23,16,26,341,NNW,350,Ice pellets,4.5,0.2,88,8,4,1023,31,100,-5,23,-7,20,-13,9,21,34,-13,9,1
2021-02-15,900,Houston,-8,18,16,26,340,NNW,350,Ice pellets,3.7,0.1,91,8,4,1025,31,100,-8,18,-9,15,-16,3,21,34,-16,3,1
2021-02-15,1200,Houston,-8,18,15,23,335,NNW,350,Ice pellets,2.9,0.1,90,4,2,1026,31,100,-8,18,-9,15,-16,3,18,30,-16,3,1
2021-02-15,1500,Houston,-6,21,13,22,331,NNW,338,Heavy snow,1.1,0.0,88,7,4,1025,31,100,-6,21,-8,18,-13,8,16,26,-13,8,1
2021-02-15,1800,Houston,-7,20,11,18,332,NNW,326,Light snow,0.1,0.0,88,8,4,1025,31,96,-7,20,-9,17,-14,8,15,23,-14,8,1
2021-02-15,2100,Houston,-9,16,11,17,344,NNW,371,Moderate or heavy snow showers,0.0,0.0,89,9,5,1026,31,46,-9,16,-10,13,-16,4,15,24,-16,4,1
2021-02-16,0,Houston,-11,12,9,14,344,NNW,116,Partly cloudy,0.0,0.0,92,10,6,1027,31,21,-11,12,-12,10,-18,0,13,20,-18,0,1
2021-02-16,300,Houston,-12,11,6,10,349,NNW,116,Partly cloudy,0.0,0.0,93,10,6,1026,31,25,-12,11,-13,9,-17,1,9,15,-17,1,1
2021-02-16,600,Houston,-12,10,6,9,344,NNW,116,Partly cloudy,0.0,0.0,93,10,6,1026,31,34,-12,10,-13,8,-18,-0,8,13,-18,-0,2
2021-02-16,900,Houston,-11,12,5,8,129,SE,116,Partly cloudy,0.0,0.0,90,10,6,1026,31,21,-11,12,-12,10,-16,4,6,10,-16,4,2
2021-02-16,1200,Houston,-5,22,4,6,53,NE,116,Partly cloudy,0.0,0.0,85,10,6,1025,31,6,-5,22,-8,19,-8,17,4,7,-8,17,2
2021-02-16,1500,Houston,-2,29,5,8,103,ESE,116,Partly cloudy,0.0,0.0,85,10,6,1021,31,28,-2,29,-4,25,-5,23,6,9,-5,23,2
2021-02-16,1800,Houston,-2,29,4,6,101,ESE,116,Partly cloudy,0.0,0.0,90,10,6,1019,31,71,-2,29,-3,26,-4,24,5,8,-4,24,1
2021-02-16,2100,Houston,-5,22,8,13,75,ENE,119,Cloudy,0.0,0.0,92,10,6,1018,31,96,-4,25,-3,26,-6,21,12,20,-6,21,1
2021-02-17,0,Houston,-3,27,8,12,67,ENE,122,Overcast,0.0,0.0,90,10,6,1018,31,95,-2,29,-2,29,-5,23,11,18,-5,23,1
2021-02-17,300,Houston,0,32,9,14,60,ENE,122,Overcast,0.2,0.0,93,4,2,1016,30,98,0,32,-1,30,-4,24,13,21,-4,24,1
2021-02-17,600,Houston,0,32,10,15,65,ENE,284,Heavy freezing drizzle,0.7,0.0,95,6,3,1014,30,100,0,32,-1,31,-4,24,15,24,-4,24,1
2021-02-17,900,Houston,1,33,10,16,58,ENE,296,Light rain,1.6,0.1,98,9,5,1014,30,100,1,33,0,33,-4,25,16,26,-4,25,1
2021-02-17,1200,Houston,2,35,10,16,37,NE,296,Light rain,6.1,0.2,99,6,3,1013,30,100,2,35,2,35,-2,28,18,29,-2,28,1
2021-02-17,1500,Houston,3,37,10,16,25,NNE,308,Heavy rain,5.5,0.2,99,6,3,1011,30,100,3,37,3,37,-1,30,17,27,-1,30,1
2021-02-17,1800,Houston,0,33,9,14,10,N,302,Moderate rain,4.2,0.2,97,7,4,1012,30,100,2,35,3,37,-1,31,14,23,-1,31,1
2021-02-17,2100,Houston,-5,23,12,19,2,N,302,Moderate rain,1.4,0.1,94,9,5,1014,30,96,-3,27,2,36,-5,23,17,27,-5,23,1
2021-02-18,0,Houston,2,35,9,15,354,N,119,Cloudy,0.0,0.0,91,10,6,1017,31,95,3,37,3,37,-1,31,14,23,-1,31,1
2021-02-18,300,Houston,3,38,9,14,353,N,122,Overcast,0.0,0.0,87,10,6,1018,31,95,3,38,2,35,-0,32,12,20,-0,32,1
2021-02-18,600,Houston,2,36,11,18,347,NNW,122,Overcast,0.0,0.0,84,10,6,1020,31,98,2,36,-0,32,-2,28,15,24,-2,28,1
2021-02-18,900,Houston,2,35,12,19,349,N,122,Overcast,0.0,0.0,78,10,6,1022,31,73,2,35,-2,29,-3,27,15,24,-3,27,1
2021-02-18,1200,Houston,4,39,12,20,347,NNW,116,Partly cloudy,0.0,0.0,67,10,6,1025,31,60,4,39,-2,29,-0,32,14,23,-0,32,2
2021-02-18,1500,Houston,6,43,13,22,341,NNW,116,Partly cloudy,0.0,0.0,62,10,6,1025,31,47,6,43,-1,30,2,36,15,24,2,36,3
2021-02-18,1800,Houston,4,40,13,21,339,NNW,116,Partly cloudy,0.0,0.0,66,10,6,1027,31,73,4,40,-2,29,0,32,16,26,0,32,1
2021-02-18,2100,Houston,2,35,12,20,350,N,122,Overcast,0.0,0.0,70,10,6,1030,31,91,2,35,-3,27,-3,27,15,25,-3,27,1
2021-02-19,0,Houston,1,34,11,17,355,N,122,Overcast,0.0,0.0,76,10,6,1032,31,100,1,34,-3,27,-4,26,14,23,-4,26,1
2021-02-19,300,Houston,1,33,10,15,349,NNW,122,Overcast,0.0,0.0,77,10,6,1032,31,92,1,33,-3,26,-4,25,13,20,-4,25,1
2021-02-19,600,Houston,-1,30,9,14,347,NNW,122,Overcast,0.0,0.0,78,10,6,1033,31,44,-1,30,-4,24,-5,22,11,18,-5,22,1
2021-02-19,900,Houston,0,32,7,11,125,SE,116,Partly cloudy,0.0,0.0,72,10,6,1034,31,7,0,32,-4,24,-3,26,8,13,-3,26,2
2021-02-19,1200,Houston,5,41,5,9,226,SW,113,Sunny,0.0,0.0,56,10,6,1034,31,0,5,41,-3,26,3,37,6,10,3,37,3
2021-02-19,1500,Houston,8,46,6,10,323,NW,113,Sunny,0.0,0.0,49,10,6,1032,31,0,8,46,-3,28,6,42,8,12,6,42,3
2021-02-19,1800,Houston,5,42,6,9,336,NNW,113,Clear,0.0,0.0,55,10,6,1031,31,0,8,47,-0,32,5,40,6,10,5,40,1
2021-02-19,2100,Houston,1,35,4,6,135,SE,113,Clear,0.0,0.0,68,10,6,1031,31,0,5,42,2,35,1,35,4,7,1,35,1
2021-02-20,0,Houston,7,45,3,5,324,NW,113,Clear,0.0,0.0,67,10,6,1031,31,0,7,45,2,35,7,44,4,6,7,44,1
2021-02-20,300,Houston,7,44,3,4,118,ESE,113,Clear,0.0,0.0,72,10,6,1030,31,0,7,44,2,35,6,43,3,5,6,43,1
2021-02-20,600,Houston,5,41,3,5,58,ENE,113,Sunny,0.0,0.0,78,10,6,1030,31,0,5,41,2,35,4,40,4,6,4,40,3
2021-02-20,900,Houston,6,43,4,6,106,ESE,113,Sunny,0.0,0.0,73,10,6,1030,31,0,6,43,2,35,5,41,5,8,5,41,3
2021-02-20,1200,Houston,11,51,6,9,144,SE,113,Sunny,0.0,0.0,57,10,6,1030,31,0,11,51,2,36,10,50,6,10,10,50,4
2021-02-20,1500,Houston,14,58,8,12,158,SSE,113,Sunny,0.0,0.0,48,10,6,1027,31,0,14,58,4,38,14,56,9,14,14,56,4
2021-02-20,1800,Houston,13,55,9,15,151,SSE,113,Clear,0.0,0.0,59,10,6,1025,31,2,13,55,5,40,11,52,13,20,11,52,1
2021-02-20,2100,Houston,10,50,10,15,138,SE,116,Partly cloudy,0.0,0.0,73,10,6,1025,31,21,10,50,6,42,8,47,15,24,8,47,1
2021-02-21,0,Houston,9,49,8,13,134,SE,116,Partly cloudy,0.0,0.0,81,10,6,1025,31,30,9,49,6,43,7,45,15,23,7,45,1
2021-02-21,300,Houston,9,49,7,11,133,SE,116,Partly cloudy,0.0,0.0,90,10,6,1023,31,32,9,49,8,46,8,46,13,21,8,46,1
2021-02-21,600,Houston,10,51,7,11,139,SE,116,Partly cloudy,0.0,0.0,92,10,6,1022,31,60,10,51,9,48,9,48,14,23,9,48,4
2021-02-21,900,Houston,12,54,8,12,156,SSE,119,Cloudy,0.0,0.0,87,10,6,1021,31,55,12,54,10,50,11,52,14,23,11,52,3
2021-02-21,1200,Houston,15,60,7,12,174,S,116,Partly cloudy,0.1,0.0,78,10,6,1021,31,67,15,60,11,53,15,59,12,19,15,59,5
2021-02-21,1500,Houston,17,63,6,9,187,S,176,Patchy rain possible,0.1,0.0,74,10,6,1020,31,92,17,63,12,54,17,63,9,14,17,63,4
2021-02-21,1800,Houston,17,62,4,6,195,SSW,176,Patchy rain possible,0.2,0.0,81,10,6,1020,31,95,17,62,13,56,17,62,6,10,17,62,1
2021-02-21,2100,Houston,16,60,2,4,209,SSW,353,Light rain shower,0.1,0.0,88,10,6,1021,31,82,16,60,14,56,16,60,5,8,16,60,1
2021-02-22,0,Houston,14,58,7,12,291,WNW,176,Patchy rain possible,0.3,0.0,89,9,5,1023,31,76,14,58,12,54,13,56,13,21,13,56,1
2021-02-22,300,Houston,12,54,10,16,349,NNW,176,Patchy rain possible,0.1,0.0,72,10,6,1024,31,31,12,54,7,45,10,51,16,26,10,51,1
2021-02-22,600,Houston,10,50,10,16,123,ESE,116,Partly cloudy,0.0,0.0,61,10,6,1025,31,3,10,50,3,37,8,46,15,25,8,46,4
2021-02-22,900,Houston,11,51,9,14,10,N,113,Sunny,0.0,0.0,53,10,6,1027,31,0,11,51,1,34,9,47,11,18,9,47,4
2021-02-22,1200,Houston,15,59,8,13,11,N,113,Sunny,0.0,0.0,32,10,6,1028,31,0,15,59,-3,28,14,58,9,15,14,58,4
2021-02-22,1500,Houston,19,66,7,11,8,N,113,Sunny,0.0,0.0,18,10,6,1025,31,0,19,66,-6,22,19,66,8,13,19,66,5
2021-02-22,1800,Houston,20,68,5,8,25,NNE,113,Clear,0.0,0.0,21,10,6,1024,31,0,20,68,-3,26,20,68,6,9,20,68,1
2021-02-22,2100,Houston,18,64,4,6,60,ENE,113,Clear,0.0,0.0,29,10,6,1025,31,0,18,64,-1,31,18,64,4,7,18,64,1
2021-02-23,0,Houston,16,61,3,4,96,E,113,Clear,0.0,0.0,37,10,6,1025,31,0,16,61,2,35,16,61,3,5,16,61,1
2021-02-23,300,Houston,14,58,3,5,131,SE,113,Clear,0.0,0.0,44,10,6,1024,31,0,14,58,2,36,15,58,3,5,15,58,1
2021-02-23,600,Houston,13,55,3,5,162,SSE,113,Sunny,0.0,0.0,50,10,6,1023,31,0,13,55,2,36,13,55,4,6,13,55,4
2021-02-23,900,Houston,13,56,4,7,159,SSE,113,Sunny,0.0,0.0,50,10,6,1023,31,0,13,56,3,37,13,55,5,9,13,55,4
2021-02-23,1200,Houston,17,63,7,12,160,SSE,113,Sunny,0.0,0.0,41,10,6,1023,31,0,17,63,3,38,17,62,8,13,17,62,5
2021-02-23,1500,Houston,19,67,10,16,163,SSE,113,Sunny,0.0,0.0,37,10,6,1020,31,2,19,67,4,39,19,67,12,19,19,67,5
2021-02-23,1800,Houston,17,63,11,18,159,SSE,116,Partly cloudy,0.0,0.0,47,10,6,1018,31,3,17,63,5,42,17,63,15,23,17,63,1
2021-02-23,2100,Houston,14,58,11,17,154,SSE,116,Partly cloudy,0.0,0.0,60,10,6,1018,31,1,14,58,7,44,14,56,16,26,14,56,1
2021-02-24,0,Houston,15,58,9,14,167,SSE,116,Partly cloudy,0.0,0.0,64,10,6,1018,31,4,15,58,8,46,14,57,15,24,14,57,1
2021-02-24,300,Houston,14,58,7,12,168,SSE,116,Partly cloudy,0.0,0.0,78,10,6,1017,31,59,14,58,11,51,14,57,13,21,14,57,1
2021-02-24,600,Houston,15,58,5,8,173,S,119,Cloudy,0.0,0.0,93,3,2,1017,31,95,15,58,13,56,14,58,9,15,14,58,3
2021-02-24,900,Houston,17,62,5,8,191,S,248,Fog,0.0,0.0,96,1,0,1018,31,100,17,62,16,61,17,62,8,13,17,62,4
2021-02-24,1200,Houston,19,65,4,7,196,SSW,143,Mist,0.0,0.0,95,2,1,1019,31,92,19,65,18,64,19,65,7,12,19,65,4
2021-02-24,1500,Houston,20,68,3,5,227,SW,143,Mist,0.3,0.0,93,7,4,1018,31,89,20,68,19,66,20,68,5,8,20,68,4
2021-02-24,1800,Houston,20,67,2,4,309,NW,353,Light rain shower,0.7,0.0,94,10,6,1017,31,86,20,67,19,66,20,67,4,7,20,67,1
2021-02-24,2100,Houston,19,66,2,3,137,SE,353,Light rain shower,0.6,0.0,96,10,6,1019,31,95,19,66,18,65,19,66,3,5,19,66,1
2021-02-25,0,Houston,20,67,6,10,196,SSW,353,Light rain shower,0.3,0.0,90,10,6,1019,31,79,20,67,18,64,20,67,11,17,20,67,1
2021-02-25,300,Houston,19,66,3,5,233,SW,353,Light rain shower,0.3,0.0,92,10,6,1019,31,76,19,66,18,64,19,66,6,9,19,66,1
2021-02-25,600,Houston,18,65,1,2,132,SE,353,Light rain shower,0.3,0.0,94,10,6,1019,31,87,18,65,17,63,18,65,2,4,18,65,4
2021-02-25,900,Houston,18,64,3,5,49,NE,353,Light rain shower,0.1,0.0,89,10,6,1020,31,98,18,64,16,61,18,64,5,8,18,64,4
2021-02-25,1200,Houston,19,67,5,9,50,NE,122,Overcast,0.1,0.0,80,10,6,1021,31,100,19,67,16,60,19,67,7,12,19,67,4
2021-02-25,1500,Houston,19,67,6,10,94,E,176,Patchy rain possible,1.1,0.0,86,9,5,1019,31,100,19,67,17,62,19,67,8,13,19,67,4
2021-02-25,1800,Houston,19,66,6,10,131,SE,296,Light rain,2.3,0.1,92,8,4,1018,31,100,19,66,18,64,19,66,9,14,19,66,1
2021-02-25,2100,Houston,19,65,4,7,168,SSE,302,Moderate rain,1.3,0.1,95,4,2,1018,31,94,19,65,18,64,19,65,7,11,19,65,1
2021-02-26,0,Houston,19,65,8,12,146,SE,353,Light rain shower,0.3,0.0,92,10,6,1016,30,90,19,65,17,63,19,65,12,19,19,65,1
2021-02-26,300,Houston,19,65,6,10,157,SSE,353,Light rain shower,0.2,0.0,95,5,2,1015,30,89,19,65,18,64,19,65,10,17,19,65,1
2021-02-26,600,Houston,19,66,4,6,140,SE,143,Mist,0.1,0.0,97,1,0,1014,30,94,19,66,18,65,19,66,6,10,19,66,4
2021-02-26,900,Houston,19,66,5,9,139,SE,248,Fog,0.2,0.0,97,7,4,1015,30,90,19,66,19,66,19,66,9,14,19,66,4
2021-02-26,1200,Houston,22,72,10,16,162,SSE,353,Light rain shower,0.6,0.0,80,10,6,1015,30,81,23,74,18,65,22,72,13,21,23,74,5
2021-02-26,1500,Houston,25,76,13,21,172,S,353,Light rain shower,0.4,0.0,66,10,6,1013,30,82,26,79,18,64,25,76,16,25,26,79,5
2021-02-26,1800,Houston,23,74,12,19,170,S,353,Light rain shower,0.1,0.0,71,10,6,1012,30,80,25,77,18,64,23,74,15,24,25,77,1
2021-02-26,2100,Houston,22,71,10,15,165,SSE,119,Cloudy,0.1,0.0,80,10,6,1013,30,77,24,76,18,64,22,71,13,22,22,71,1
2021-02-27,0,Houston,21,69,6,10,162,SSE,119,Cloudy,0.0,0.0,86,10,6,1014,30,63,22,71,18,65,21,69,10,15,21,69,1
2021-02-27,300,Houston,20,67,6,10,156,SSE,116,Partly cloudy,0.0,0.0,95,3,2,1013,30,85,20,67,19,66,20,67,11,17,20,67,1
2021-02-27,600,Houston,19,67,6,10,152,SSE,248,Fog,0.0,0.0,98,0,0,1013,30,100,19,67,19,66,19,67,10,16,19,67,4
2021-02-27,900,Houston,20,69,7,12,152,SSE,248,Fog,0.0,0.0,93,7,4,1014,30,100,20,69,19,67,20,69,11,17,20,69,5
2021-02-27,1200,Houston,23,73,10,15,163,SSE,122,Overcast,0.1,0.0,79,10,6,1015,30,96,24,75,19,66,23,73,13,20,24,75,5
2021-02-27,1500,Houston,25,77,12,19,168,SSE,176,Patchy rain possible,0.0,0.0,66,10,6,1013,30,45,26,80,18,64,25,77,14,23,26,80,5
2021-02-27,1800,Houston,24,75,11,18,164,SSE,116,Partly cloudy,0.1,0.0,74,10,6,1012,30,68,26,78,19,66,24,75,15,23,26,78,1
2021-02-27,2100,Houston,22,72,9,15,152,SSE,176,Patchy rain possible,0.0,0.0,85,10,6,1013,30,94,25,76,19,67,22,72,13,21,25,76,1
2021-02-28,0,Houston,22,71,10,16,169,SSE,176,Patchy rain possible,0.1,0.0,89,10,6,1014,30,98,24,76,20,68,22,71,15,24,22,71,1
2021-02-28,300,Houston,22,71,9,14,166,SSE,176,Patchy rain possible,0.0,0.0,90,10,6,1013,30,100,24,76,20,68,22,71,14,22,22,71,1
2021-02-28,600,Houston,21,70,8,13,162,SSE,122,Overcast,0.0,0.0,91,10,6,1013,30,98,22,72,20,67,21,70,13,20,21,70,5
2021-02-28,900,Houston,22,71,9,15,165,SSE,122,Overcast,0.0,0.0,88,10,6,1014,30,99,23,74,20,67,22,71,13,22,22,71,5
2021-02-28,1200,Houston,23,73,10,15,178,S,122,Overcast,0.0,0.0,80,10,6,1015,30,100,25,77,19,67,23,73,13,21,25,77,5
2021-02-28,1500,Houston,25,77,10,17,179,S,122,Overcast,0.1,0.0,72,10,6,1013,30,100,27,80,20,67,25,77,13,21,27,80,6
2021-02-28,1800,Houston,25,76,9,15,179,S,176,Patchy rain possible,0.0,0.0,75,10,6,1012,30,100,27,80,20,68,25,76,12,19,27,80,1
2021-02-28,2100,Houston,23,73,8,13,174,S,122,Overcast,0.0,0.0,85,10,6,1013,30,84,25,77,20,68,23,73,11,18,25,77,1
2021-03-01,0,Houston,21,70,7,12,176,S,119,Cloudy,0.3,0.0,92,10,6,1013,30,69,22,72,20,68,21,70,11,18,21,70,1
2021-03-01,300,Houston,21,69,8,13,180,S,353,Light rain shower,0.8,0.0,95,10,6,1013,30,90,21,69,20,68,21,69,12,19,21,69,1
2021-03-01,600,Houston,20,69,5,8,239,WSW,353,Light rain shower,2.8,0.1,96,8,4,1014,30,100,20,69,20,68,20,69,8,13,20,69,5
2021-03-01,900,Houston,21,69,4,6,305,NW,356,Moderate or heavy rain shower,1.6,0.1,88,9,5,1016,30,100,21,69,19,65,21,69,5,8,21,69,5
2021-03-01,1200,Houston,21,70,7,11,325,NW,353,Light rain shower,1.0,0.0,80,10,6,1017,31,100,23,74,17,63,21,70,9,14,21,70,5
2021-03-01,1500,Houston,19,66,9,15,324,NW,353,Light rain shower,5.1,0.2,83,8,4,1017,31,100,20,68,16,61,19,66,15,23,19,66,4
2021-03-01,1800,Houston,18,64,10,17,341,NNW,356,Moderate or heavy rain shower,8.4,0.3,83,6,3,1018,31,100,18,64,15,58,18,64,18,29,18,64,1
2021-03-01,2100,Houston,16,61,12,19,341,NNW,308,Heavy rain,3.0,0.1,80,8,5,1020,31,100,16,61,13,55,16,61,17,27,16,61,1
2021-03-02,0,Houston,15,59,9,14,31,NNE,302,Moderate rain,5.5,0.2,83,7,4,1021,31,100,15,59,12,54,15,58,11,18,15,58,1
2021-03-02,300,Houston,15,58,7,12,246,WSW,302,Moderate rain,2.5,0.1,83,4,2,1020,31,100,15,58,12,53,14,57,9,15,14,57,1
2021-03-02,600,Houston,14,57,10,16,337,NNW,266,Light drizzle,0.8,0.0,82,7,4,1020,31,100,14,57,11,52,13,55,13,20,13,55,3
2021-03-02,900,Houston,14,56,12,19,334,NNW,296,Light rain,0.3,0.0,73,10,6,1021,31,53,14,56,9,48,12,54,14,23,12,54,3
2021-03-02,1200,Houston,16,60,13,21,337,NNW,116,Partly cloudy,0.0,0.0,58,10,6,1022,31,12,16,60,7,45,15,59,15,24,15,59,5
2021-03-02,1500,Houston,18,64,13,21,336,NNW,116,Partly cloudy,0.0,0.0,46,10,6,1020,31,1,18,64,6,43,18,64,15,24,18,64,5
2021-03-02,1800,Houston,16,62,12,19,348,NNW,113,Clear,0.0,0.0,46,10,6,1019,31,0,16,62,5,41,16,62,14,23,16,62,1
2021-03-02,2100,Houston,14,57,10,16,124,ESE,113,Clear,0.0,0.0,52,10,6,1021,31,0,14,57,4,40,13,55,13,21,13,55,1
2021-03-03,0,Houston,12,54,7,12,39,NE,116,Partly cloudy,0.0,0.0,65,10,6,1022,31,11,12,54,6,42,11,52,9,15,11,52,1
2021-03-03,300,Houston,11,52,6,10,42,NE,116,Partly cloudy,0.0,0.0,70,10,6,1022,31,13,11,52,6,42,10,50,8,12,10,50,1
2021-03-03,600,Houston,11,52,5,8,39,NE,116,Partly cloudy,0.0,0.0,73,10,6,1022,31,6,11,52,6,43,10,50,6,10,10,50,4
2021-03-03,900,Houston,12,53,4,7,50,NE,116,Partly cloudy,0.0,0.0,66,10,6,1023,31,3,12,53,6,42,11,53,5,8,11,53,4
2021-03-03,1200,Houston,16,61,4,6,63,ENE,116,Partly cloudy,0.0,0.0,44,10,6,1023,31,6,16,61,3,38,16,60,4,6,16,60,5
2021-03-03,1500,Houston,21,70,2,3,63,ENE,116,Partly cloudy,0.0,0.0,28,10,6,1021,31,4,21,70,2,35,21,70,2,4,21,70,6
2021-03-03,1800,Houston,21,69,2,3,113,ESE,116,Partly cloudy,0.0,0.0,28,10,6,1020,31,8,21,70,2,35,21,69,2,4,21,69,1
2021-03-03,2100,Houston,17,63,5,8,166,SSE,116,Partly cloudy,0.0,0.0,48,10,6,1021,31,17,20,68,5,40,17,63,6,10,17,63,1
2021-01-01,0,Houston,10,50,16,26,233,SW,119,Cloudy,0.0,0.0,72,10,6,1008,30,56,10,50,5,41,7,44,20,32,7,44,1
2021-01-01,300,Houston,8,47,14,23,250,WSW,116,Partly cloudy,0.0,0.0,70,10,6,1009,30,31,8,47,3,38,5,41,19,30,5,41,1
2021-01-01,600,Houston,8,46,12,19,264,W,116,Partly cloudy,0.0,0.0,69,10,6,1012,30,17,8,46,3,37,5,40,16,26,5,40,3
2021-01-01,900,Houston,9,47,9,15,262,W,116,Partly cloudy,0.0,0.0,66,10,6,1015,30,5,9,47,3,37,6,43,11,18,6,43,3
2021-01-01,1200,Houston,12,53,8,13,274,W,113,Sunny,0.0,0.0,57,10,6,1016,30,0,12,53,4,38,10,50,10,15,10,50,4
2021-01-01,1500,Houston,15,60,8,13,285,WNW,113,Sunny,0.0,0.0,52,10,6,1016,30,0,15,60,6,42,15,59,9,14,15,59,5
2021-01-01,1800,Houston,15,60,8,12,301,WNW,113,Clear,0.0,0.0,57,10,6,1016,30,0,15,60,7,44,15,59,9,14,15,59,1
2021-01-01,2100,Houston,13,56,8,12,320,NW,113,Clear,0.0,0.0,62,10,6,1019,31,7,13,56,6,43,12,54,10,15,12,54,1
2021-01-02,0,Houston,11,51,7,12,333,NNW,116,Partly cloudy,0.0,0.0,67,10,6,1021,31,7,11,51,5,40,9,48,9,15,9,48,1
2021-01-02,300,Houston,9,48,8,13,318,NW,116,Partly cloudy,0.0,0.0,68,10,6,1021,31,2,9,48,3,38,7,45,10,16,7,45,1
2021-01-02,600,Houston,8,46,8,13,305,NW,113,Sunny,0.0,0.0,69,10,6,1022,31,2,8,46,2,36,5,41,11,17,5,41,3
2021-01-02,900,Houston,7,45,9,14,308,NW,116,Partly cloudy,0.0,0.0,68,10,6,1023,31,8,7,45,2,35,5,41,11,17,5,41,3
2021-01-02,1200,Houston,10,50,9,15,314,NW,116,Partly cloudy,0.0,0.0,57,10,6,1023,31,3,10,50,2,35,8,46,11,17,8,46,4
2021-01-02,1500,Houston,13,55,10,15,312,NW,113,Sunny,0.0,0.0,48,10,6,1021,31,0,13,55,2,36,12,53,11,18,12,53,4
2021-01-02,1800,Houston,14,57,8,13,318,NW,113,Clear,0.0,0.0,49,10,6,1021,31,0,14,57,3,38,13,55,9,15,13,55,1
2021-01-02,2100,Houston,11,51,4,6,292,WNW,113,Clear,0.0,0.0,53,10,6,1022,31,0,13,56,5,41,10,50,4,7,10,50,1
2021-01-03,0,Houston,10,50,3,5,228,SW,113,Clear,0.0,0.0,48,10,6,1022,31,0,11,53,3,37,10,50,3,5,10,50,1
2021-01-03,300,Houston,11,53,5,8,207,SSW,113,Clear,0.0,0.0,51,10,6,1021,31,0,11,53,2,35,11,51,5,8,11,51,1
2021-01-03,600,Houston,10,51,5,8,206,SSW,113,Sunny,0.0,0.0,54,10,6,1021,31,0,10,51,2,35,10,49,6,9,10,49,4
2021-01-03,900,Houston,11,51,5,9,216,SW,116,Partly cloudy,0.0,0.0,51,10,6,1021,31,1,11,51,1,34,10,50,6,10,10,50,4
2021-01-03,1200,Houston,14,57,7,12,220,SW,116,Partly cloudy,0.0,0.0,43,10,6,1021,31,0,14,57,2,35,14,57,8,13,14,57,4
2021-01-03,1500,Houston,17,62,9,15,215,SW,113,Sunny,0.0,0.0,41,10,6,1019,31,0,17,62,4,38,17,62,11,17,17,62,5
2021-01-03,1800,Houston,15,58,7,11,215,SW,113,Clear,0.0,0.0,52,10,6,1018,31,0,17,62,7,45,15,58,8,13,15,58,1
2021-01-03,2100,Houston,9,49,6,10,210,SSW,113,Clear,0.0,0.0,62,10,6,1018,31,0,13,55,8,47,9,49,9,14,9,49,1
2021-01-04,0,Houston,14,57,7,12,203,SSW,113,Clear,0.0,0.0,66,10,6,1020,31,0,14,57,8,46,13,56,10,17,13,56,1
2021-01-04,300,Houston,14,57,6,10,214,SW,113,Clear,0.0,0.0,74,10,6,1019,31,0,14,57,9,49,13,56,8,13,13,56,1
2021-01-04,600,Houston,14,57,4,7,270,W,113,Sunny,0.0,0.0,79,10,6,1020,31,1,14,57,10,50,14,56,5,8,14,56,4
2021-01-04,900,Houston,14,58,4,6,300,WNW,116,Partly cloudy,0.0,0.0,73,10,6,1021,31,1,14,58,9,49,15,58,4,6,15,58,4
2021-01-04,1200,Houston,18,64,4,7,281,W,116,Partly cloudy,0.0,0.0,59,10,6,1022,31,1,18,64,10,49,18,64,5,8,18,64,5
2021-01-04,1500,Houston,21,70,5,8,285,WNW,113,Sunny,0.0,0.0,48,10,6,1020,31,0,23,73,10,50,21,70,6,10,21,70,6
2021-01-04,1800,Houston,22,71,4,6,319,NW,113,Clear,0.0,0.0,48,10,6,1020,31,0,24,76,10,51,22,71,4,7,22,71,1
2021-01-04,2100,Houston,20,67,4,6,148,SSE,113,Clear,0.0,0.0,52,10,6,1021,31,0,21,69,9,49,20,67,4,7,20,67,1
2021-01-05,0,Houston,18,64,4,7,41,NE,113,Clear,0.0,0.0,60,10,6,1021,31,0,18,64,10,50,18,64,5,8,18,64,1
2021-01-05,300,Houston,16,61,4,7,56,NE,113,Clear,0.0,0.0,61,10,6,1021,31,0,16,61,9,48,16,61,5,8,16,61,1
2021-01-05,600,Houston,15,59,4,7,60,ENE,113,Sunny,0.0,0.0,62,10,6,1021,31,0,15,59,8,46,15,59,5,8,15,59,4
2021-01-05,900,Houston,15,58,5,8,79,ENE,113,Sunny,0.0,0.0,57,10,6,1021,31,0,15,58,6,43,14,58,6,9,14,58,4
2021-01-05,1200,Houston,18,64,6,9,120,ESE,113,Sunny,0.0,0.0,49,10,6,1021,31,0,18,64,7,44,18,64,6,10,18,64,5
2021-01-05,1500,Houston,20,68,7,11,139,SE,113,Sunny,0.0,0.0,51,10,6,1019,31,0,20,68,10,50,20,68,8,12,20,68,6
2021-01-05,1800,Houston,18,64,8,13,142,SE,113,Clear,0.0,0.0,62,10,6,1018,31,30,18,64,10,51,18,64,10,17,18,64,1
2021-01-05,2100,Houston,16,60,9,14,134,SE,116,Partly cloudy,0.0,0.0,71,10,6,1018,31,23,16,60,10,51,16,60,13,21,16,60,1
2021-01-06,0,Houston,15,59,8,12,122,ESE,116,Partly cloudy,0.0,0.0,80,10,6,1018,31,59,15,59,12,53,15,59,12,19,15,59,1
2021-01-06,300,Houston,15,60,8,12,123,ESE,119,Cloudy,0.0,0.0,88,10,6,1017,31,74,15,60,13,56,15,60,12,20,15,60,1
2021-01-06,600,Houston,16,60,6,10,138,SE,119,Cloudy,0.5,0.0,94,10,6,1016,30,93,16,60,15,58,16,60,11,17,16,60,4
2021-01-06,900,Houston,17,62,7,12,178,S,353,Light rain shower,1.6,0.1,92,10,6,1017,31,68,17,62,16,60,17,62,12,19,17,62,4
2021-01-06,1200,Houston,19,66,11,18,196,SSW,353,Light rain shower,2.6,0.1,81,8,4,1017,30,75,19,66,15,60,19,66,18,30,19,66,4
2021-01-06,1500,Houston,20,67,12,20,216,SW,356,Moderate or heavy rain shower,3.4,0.1,76,7,4,1015,30,95,20,67,15,59,20,67,20,32,20,67,4
2021-01-06,1800,Houston,18,64,12,20,292,WNW,356,Moderate or heavy rain shower,5.3,0.2,66,7,4,1016,30,89,18,64,11,52,18,64,22,36,18,64,1
2021-01-06,2100,Houston,15,59,13,21,337,NNW,356,Moderate or heavy rain shower,2.1,0.1,56,9,5,1018,31,28,15,59,6,43,14,57,20,33,14,57,1
2021-01-07,0,Houston,13,55,15,24,308,NW,113,Clear,0.0,0.0,53,10,6,1017,31,0,13,55,3,38,11,51,21,35,11,51,1
2021-01-07,300,Houston,11,52,15,24,304,WNW,113,Clear,0.0,0.0,53,10,6,1017,30,0,11,52,2,36,9,48,22,35,9,48,1
2021-01-07,600,Houston,10,50,15,24,310,NW,113,Sunny,0.0,0.0,57,10,6,1016,30,0,10,50,2,36,7,45,21,35,7,45,4
2021-01-07,900,Houston,10,50,14,22,316,NW,113,Sunny,0.0,0.0,58,10,6,1018,31,0,10,50,2,36,7,45,18,30,7,45,4
2021-01-07,1200,Houston,12,54,14,22,316,NW,113,Sunny,0.0,0.0,53,10,6,1019,31,0,12,54,3,37,10,50,16,26,10,50,4
2021-01-07,1500,Houston,14,57,14,22,316,NW,113,Sunny,0.0,0.0,49,10,6,1018,31,2,14,57,3,38,12,54,16,25,12,54,4
2021-01-07,1800,Houston,13,56,12,19,323,NW,116,Partly cloudy,0.0,0.0,53,10,6,1019,31,20,13,56,4,39,12,53,15,24,12,53,1
2021-01-07,2100,Houston,12,54,10,15,346,NNW,116,Partly cloudy,0.0,0.0,58,10,6,1021,31,57,12,54,4,39,11,51,13,21,11,51,1
2021-01-08,0,Houston,12,53,11,17,349,NNW,119,Cloudy,0.0,0.0,56,10,6,1022,31,30,12,53,3,38,10,50,15,23,10,50,1
2021-01-08,300,Houston,10,50,10,15,350,N,116,Partly cloudy,0.0,0.0,60,10,6,1023,31,9,10,50,3,37,8,47,13,22,8,47,1
2021-01-08,600,Houston,9,47,9,15,118,ESE,116,Partly cloudy,0.0,0.0,65,10,6,1024,31,15,9,47,2,36,6,43,13,20,6,43,3
2021-01-08,900,Houston,8,47,9,14,8,N,116,Partly cloudy,0.0,0.0,65,10,6,1025,31,19,8,47,2,35,6,42,11,18,6,42,3
2021-01-08,1200,Houston,11,51,8,13,5,N,116,Partly cloudy,0.0,0.0,52,10,6,1026,31,10,11,51,1,34,9,48,9,15,9,48,4
2021-01-08,1500,Houston,13,56,8,12,234,SW,116,Partly cloudy,0.0,0.0,45,10,6,1024,31,2,13,56,2,35,12,54,9,14,12,54,4
2021-01-08,1800,Houston,13,56,7,12,354,N,113,Clear,0.0,0.0,49,10,6,1024,31,2,13,56,3,37,12,54,9,14,12,54,1
2021-01-08,2100,Houston,12,54,6,10,134,SE,116,Partly cloudy,0.0,0.0,55,10,6,1025,31,1,12,54,4,38,11,53,7,12,11,53,1
2021-01-09,0,Houston,12,53,6,10,18,NNE,116,Partly cloudy,0.0,0.0,57,10,6,1026,31,0,12,53,4,38,11,51,7,12,11,51,1
2021-01-09,300,Houston,11,52,5,9,24,NNE,113,Clear,0.0,0.0,60,10,6,1025,31,0,11,52,3,38,10,50,6,10,10,50,1
2021-01-09,600,Houston,10,49,5,9,35,NE,113,Sunny,0.0,0.0,62,10,6,1025,31,0,10,49,3,37,8,47,6,10,8,47,3
2021-01-09,900,Houston,9,49,6,9,49,NE,113,Sunny,0.0,0.0,63,10,6,1026,31,0,9,49,2,36,8,46,6,10,8,46,3
2021-01-09,1200,Houston,11,53,5,8,66,ENE,113,Sunny,0.0,0.0,51,10,6,1026,31,4,11,53,1,35,11,51,5,9,11,51,4
2021-01-09,1500,Houston,13,56,4,7,82,E,116,Partly cloudy,0.0,0.0,41,10,6,1024,31,68,13,56,0,32,13,56,5,8,13,56,4
2021-01-09,1800,Houston,14,56,6,9,110,ESE,122,Overcast,0.0,0.0,46,10,6,1024,31,33,14,56,2,36,13,55,6,10,13,55,1
2021-01-09,2100,Houston,11,53,6,10,119,ESE,113,Clear,0.0,0.0,55,10,6,1024,31,67,11,53,3,37,10,51,8,13,10,51,1
2021-01-10,0,Houston,11,51,7,11,107,ESE,119,Cloudy,0.0,0.0,57,10,6,1025,31,55,11,51,2,36,9,48,9,15,9,48,1
2021-01-10,300,Houston,10,50,8,13,98,E,116,Partly cloudy,0.0,0.0,61,10,6,1024,31,75,10,50,3,37,9,47,11,17,9,47,1
2021-01-10,600,Houston,9,48,10,16,84,E,119,Cloudy,0.3,0.0,67,5,2,1023,31,96,9,48,3,38,7,44,13,22,7,44,2
2021-01-10,900,Houston,8,46,12,19,76,ENE,266,Light drizzle,0.3,0.0,64,2,1,1024,31,100,8,46,2,35,5,41,15,23,5,41,2
2021-01-10,1200,Houston,7,45,14,23,69,ENE,266,Light drizzle,1.2,0.0,68,7,4,1023,31,100,7,45,1,35,3,38,18,29,3,38,2
2021-01-10,1500,Houston,6,43,14,22,60,ENE,296,Light rain,2.5,0.1,76,8,4,1022,31,100,6,43,2,36,2,36,17,28,2,36,2
2021-01-10,1800,Houston,5,41,13,20,38,NE,302,Moderate rain,7.4,0.3,82,6,3,1021,31,100,5,41,2,36,1,35,16,26,1,35,1
2021-01-10,2100,Houston,1,34,13,22,26,NNE,308,Heavy rain,5.3,0.2,82,6,3,1023,31,100,3,37,2,36,-0,31,18,29,-0,31,1
2021-01-11,0,Houston,4,38,11,18,15,NNE,302,Moderate rain,2.8,0.1,82,7,4,1026,31,99,5,41,2,36,1,35,15,24,1,35,1
2021-01-11,300,Houston,5,41,9,15,8,N,302,Moderate rain,1.0,0.0,80,9,5,1027,31,87,5,41,2,35,2,35,13,21,2,35,1
2021-01-11,600,Houston,5,41,10,16,233,SW,176,Patchy rain possible,0.1,0.0,78,10,6,1027,31,94,5,41,2,35,2,35,14,22,2,35,2
2021-01-11,900,Houston,5,41,10,17,347,NNW,176,Patchy rain possible,0.0,0.0,73,10,6,1029,31,100,5,41,1,34,2,35,14,22,2,35,2
2021-01-11,1200,Houston,7,44,10,15,347,NNW,122,Overcast,0.0,0.0,66,10,6,1029,31,99,7,44,1,33,4,38,12,19,4,38,2
2021-01-11,1500,Houston,7,45,10,16,342,NNW,122,Overcast,0.0,0.0,65,10,6,1028,31,86,7,45,1,34,4,40,12,19,4,40,2
2021-01-11,1800,Houston,7,44,10,16,350,N,119,Cloudy,0.0,0.0,66,10,6,1028,31,93,7,44,1,34,4,39,13,21,4,39,1
2021-01-11,2100,Houston,3,38,8,13,126,SE,122,Overcast,0.0,0.0,65,10,6,1029,31,99,5,42,1,33,2,36,11,17,2,36,1
2021-01-12,0,Houston,6,43,6,10,39,NE,119,Cloudy,0.0,0.0,67,10,6,1030,31,45,6,43,1,33,4,40,8,13,4,40,1
2021-01-12,300,Houston,5,42,4,7,46,NE,116,Partly cloudy,0.0,0.0,71,10,6,1030,31,32,5,42,1,33,4,39,6,9,4,39,1
2021-01-12,600,Houston,5,41,4,6,36,NE,116,Partly cloudy,0.0,0.0,72,10,6,1030,31,22,5,41,0,32,3,38,5,8,3,38,2
2021-01-12,900,Houston,5,42,4,7,41,NE,116,Partly cloudy,0.0,0.0,69,10,6,1031,31,10,5,42,0,32,4,39,5,8,4,39,3
2021-01-12,1200,Houston,8,46,4,7,39,NE,116,Partly cloudy,0.0,0.0,56,10,6,1031,31,33,8,46,-1,31,7,44,5,8,7,44,3
2021-01-12,1500,Houston,9,48,2,4,193,SSW,116,Partly cloudy,0.0,0.0,51,10,6,1028,31,70,9,48,-1,31,9,48,3,4,9,48,3
2021-01-12,1800,Houston,9,48,3,4,316,NW,119,Cloudy,0.0,0.0,54,10,6,1028,31,93,9,48,0,32,9,47,4,6,9,47,1
2021-01-12,2100,Houston,9,48,2,3,324,NW,122,Overcast,0.0,0.0,60,10,6,1029,31,64,9,48,2,35,9,48,2,4,9,48,1
2021-01-13,0,Houston,9,48,3,5,342,NNW,119,Cloudy,0.0,0.0,63,10,6,1029,31,32,9,48,3,37,9,48,4,6,9,48,1
2021-01-13,300,Houston,9,47,1,2,329,NNW,116,Partly cloudy,0.0,0.0,64,10,6,1028,31,10,9,47,2,36,9,47,2,3,9,47,1
2021-01-13,600,Houston,8,46,2,4,290,WNW,116,Partly cloudy,0.0,0.0,64,10,6,1027,31,5,8,46,1,35,7,45,3,5,7,45,3
2021-01-13,900,Houston,9,48,3,5,282,WNW,116,Partly cloudy,0.0,0.0,61,10,6,1027,31,1,9,48,2,35,8,47,4,6,8,47,3
2021-01-13,1200,Houston,13,55,4,6,262,W,113,Sunny,0.0,0.0,50,10,6,1026,31,0,13,55,2,36,12,54,4,7,12,54,4
2021-01-13,1500,Houston,15,59,5,9,234,SW,113,Sunny,0.0,0.0,44,10,6,1023,31,0,15,59,3,38,15,59,6,10,15,59,5
2021-01-13,1800,Houston,15,58,6,10,212,SSW,113,Clear,0.0,0.0,52,10,6,1022,31,0,15,58,5,41,14,58,7,11,14,58,1
2021-01-13,2100,Houston,12,54,7,11,196,SSW,113,Clear,0.0,0.0,62,10,6,1021,31,0,12,54,5,41,11,52,9,14,11,52,1
2021-01-14,0,Houston,10,50,8,13,207,SSW,113,Clear,0.0,0.0,61,10,6,1020,31,0,10,50,3,37,8,47,12,19,8,47,1
2021-01-14,300,Houston,10,49,7,12,216,SW,113,Clear,0.0,0.0,63,10,6,1019,31,0,10,49,3,37,8,46,10,17,8,46,1
2021-01-14,600,Houston,9,49,6,10,215,SW,113,Sunny,0.0,0.0,68,10,6,1018,31,0,9,49,4,39,8,46,10,15,8,46,3
2021-01-14,900,Houston,10,51,8,13,210,SSW,113,Sunny,0.0,0.0,67,10,6,1018,31,0,10,51,4,40,9,47,12,19,9,47,4
2021-01-14,1200,Houston,15,59,10,16,220,SW,113,Sunny,0.0,0.0,57,10,6,1017,31,0,15,59,6,44,14,58,13,21,14,58,4
2021-01-14,1500,Houston,19,66,11,18,230,SW,113,Sunny,0.0,0.0,47,10,6,1015,30,7,19,66,7,45,19,66,13,21,19,66,5
2021-01-14,1800,Houston,19,66,8,12,280,W,116,Partly cloudy,0.0,0.0,50,10,6,1014,30,3,19,66,8,47,19,66,9,15,19,66,1
2021-01-14,2100,Houston,16,61,8,12,329,NNW,113,Clear,0.0,0.0,56,10,6,1016,30,0,16,61,7,45,16,60,11,17,16,60,1
2021-01-15,0,Houston,13,55,11,17,11,N,113,Clear,0.0,0.0,45,10,6,1018,31,0,13,55,1,34,11,51,17,27,11,51,1
2021-01-15,300,Houston,12,53,9,14,237,WSW,113,Clear,0.0,0.0,39,10,6,1019,31,0,12,53,-2,29,10,50,12,20,10,50,1
2021-01-15,600,Houston,11,52,6,10,343,NNW,113,Sunny,0.0,0.0,41,10,6,1020,31,0,11,52,-2,29,10,50,8,12,10,50,4
2021-01-15,900,Houston,10,51,7,12,333,NNW,113,Sunny,0.0,0.0,36,10,6,1021,31,2,10,51,-4,24,9,48,9,14,9,48,4
2021-01-15,1200,Houston,12,54,12,19,320,NW,116,Partly cloudy,0.0,0.0,24,10,6,1022,31,3,12,54,-8,18,11,51,14,23,11,51,4
2021-01-15,1500,Houston,14,57,16,25,309,NW,116,Partly cloudy,0.0,0.0,20,10,6,1020,31,1,14,57,-9,16,12,54,18,29,12,54,4
2021-01-15,1800,Houston,13,55,15,24,308,NW,113,Clear,0.0,0.0,23,10,6,1020,31,0,13,55,-8,18,11,52,20,33,11,52,1
2021-01-15,2100,Houston,12,53,10,16,301,WNW,113,Clear,0.0,0.0,26,10,6,1021,31,0,12,53,-7,19,10,50,15,24,10,50,1
2021-01-16,0,Houston,10,51,10,17,293,WNW,113,Clear,0.0,0.0,28,10,6,1021,31,0,10,51,-8,18,8,47,17,27,8,47,1
2021-01-16,300,Houston,9,48,9,15,295,WNW,113,Clear,0.0,0.0,31,10,6,1021,31,0,9,48,-7,19,7,44,15,25,7,44,1
2021-01-16,600,Houston,8,47,8,13,298,WNW,113,Sunny,0.0,0.0,34,10,6,1021,31,0,8,47,-7,20,6,43,13,21,6,43,3
2021-01-16,900,Houston,9,48,7,12,311,NW,113,Sunny,0.0,0.0,34,10,6,1022,31,0,9,48,-6,21,7,44,9,15,7,44,3
2021-01-16,1200,Houston,12,53,8,13,320,NW,113,Sunny,0.0,0.0,24,10,6,1023,31,0,12,53,-9,17,10,50,9,15,10,50,4
2021-01-16,1500,Houston,14,57,9,14,313,NW,113,Sunny,0.0,0.0,20,10,6,1020,31,0,14,57,-9,17,13,55,10,17,13,55,4
2021-01-16,1800,Houston,13,56,7,11,319,NW,113,Clear,0.0,0.0,25,10,6,1019,31,0,15,58,-5,23,13,55,8,13,13,55,1
2021-01-16,2100,Houston,10,50,3,5,343,NNW,113,Clear,0.0,0.0,30,10,6,1019,31,0,12,54,-2,28,10,50,4,6,10,50,1
2021-01-17,0,Houston,12,54,2,3,232,SW,113,Clear,0.0,0.0,33,10,6,1020,31,0,13,55,-1,29,12,54,2,3,12,54,1
2021-01-17,300,Houston,11,52,2,3,341,NNW,113,Clear,0.0,0.0,36,10,6,1020,31,33,11,52,-3,26,11,53,3,5,11,53,1
2021-01-17,600,Houston,10,50,2,3,282,WNW,116,Partly cloudy,0.0,0.0,35,10,6,1020,31,37,10,50,-5,24,10,51,3,5,10,51,4
2021-01-17,900,Houston,11,53,2,4,292,WNW,116,Partly cloudy,0.0,0.0,33,10,6,1021,31,13,11,53,-4,24,12,53,3,4,12,53,4
2021-01-17,1200,Houston,16,61,3,5,283,WNW,116,Partly cloudy,0.0,0.0,26,10,6,1022,31,3,16,61,-3,26,16,62,3,5,16,62,5
2021-01-17,1500,Houston,19,67,4,7,259,WSW,116,Partly cloudy,0.0,0.0,25,10,6,1020,31,2,19,67,-1,30,19,67,5,8,19,67,5
2021-01-17,1800,Houston,18,65,4,6,233,SW,116,Partly cloudy,0.0,0.0,32,10,6,1019,31,3,18,65,1,34,18,65,5,8,18,65,1
2021-01-17,2100,Houston,16,61,5,8,194,SSW,116,Partly cloudy,0.0,0.0,42,10,6,1020,31,2,16,61,3,38,16,61,6,9,16,61,1
2021-01-18,0,Houston,16,61,1,2,284,WNW,116,Partly cloudy,0.0,0.0,46,10,6,1021,31,1,16,61,5,40,16,61,1,2,16,61,1
2021-01-18,300,Houston,15,59,1,2,211,SSW,113,Clear,0.0,0.0,51,10,6,1021,31,0,15,59,5,41,16,60,2,3,16,60,1
2021-01-18,600,Houston,13,56,3,5,126,SE,113,Sunny,0.0,0.0,55,10,6,1020,31,0,13,56,4,40,14,56,4,7,14,56,4
2021-01-18,900,Houston,13,55,6,10,107,ESE,113,Sunny,0.0,0.0,55,10,6,1021,31,0,13,55,4,39,12,53,7,12,12,53,4
2021-01-18,1200,Houston,15,60,9,15,130,SE,113,Sunny,0.0,0.0,50,10,6,1020,31,15,15,60,5,41,15,59,11,18,15,59,5
2021-01-18,1500,Houston,18,64,12,19,143,SE,116,Partly cloudy,0.0,0.0,50,10,6,1019,31,69,18,64,7,45,18,64,14,23,18,64,5
2021-01-18,1800,Houston,17,62,13,21,138,SE,122,Overcast,0.0,0.0,54,10,6,1018,31,94,17,62,7,45,17,62,17,28,17,62,1
2021-01-18,2100,Houston,13,55,13,21,140,SE,122,Overcast,0.0,0.0,58,10,6,1019,31,97,14,57,8,46,13,55,20,32,13,55,1
2021-01-19,0,Houston,15,59,11,18,156,SSE,122,Overcast,0.1,0.0,80,10,6,1018,31,88,16,61,14,57,15,59,18,28,15,59,1
2021-01-19,300,Houston,17,63,9,14,154,SSE,176,Patchy rain possible,0.2,0.0,86,10,6,1018,31,94,17,63,15,58,17,63,15,23,17,63,1
2021-01-19,600,Houston,17,63,8,13,140,SE,353,Light rain shower,0.6,0.0,89,10,6,1019,31,84,17,63,15,59,17,63,13,22,17,63,4
2021-01-19,900,Houston,17,63,9,14,141,SE,353,Light rain shower,0.8,0.0,88,10,6,1021,31,75,17,63,15,59,17,63,14,23,17,63,4
2021-01-19,1200,Houston,18,65,10,15,147,SSE,353,Light rain shower,1.2,0.0,82,10,6,1022,31,78,18,65,15,59,18,65,14,23,18,65,4
2021-01-19,1500,Houston,20,67,10,15,145,SE,353,Light rain shower,0.5,0.0,74,10,6,1022,31,74,20,67,15,58,20,67,13,21,20,67,4
2021-01-19,1800,Houston,19,66,8,13,137,SE,176,Patchy rain possible,0.1,0.0,75,10,6,1023,31,60,19,66,14,58,19,66,12,19,19,66,1
2021-01-19,2100,Houston,18,64,7,12,138,SE,176,Patchy rain possible,0.0,0.0,82,10,6,1025,31,65,18,64,15,58,18,64,12,19,18,64,1
2021-01-20,0,Houston,16,61,6,9,85,E,116,Partly cloudy,0.0,0.0,88,10,6,1027,31,37,16,61,14,57,16,61,9,14,16,61,1
2021-01-20,300,Houston,15,59,5,8,63,ENE,116,Partly cloudy,0.0,0.0,91,10,6,1027,31,53,15,59,14,57,15,59,8,13,15,59,1
2021-01-20,600,Houston,15,58,6,9,66,ENE,116,Partly cloudy,0.0,0.0,92,10,6,1027,31,53,15,58,13,56,14,58,9,15,14,58,4
2021-01-20,900,Houston,15,59,7,11,81,E,116,Partly cloudy,0.0,0.0,88,10,6,1027,31,43,15,59,13,55,15,59,10,16,15,59,5
2021-01-20,1200,Houston,18,65,7,11,116,ESE,116,Partly cloudy,0.0,0.0,73,10,6,1026,31,39,18,65,13,56,18,65,8,13,18,65,5
2021-01-20,1500,Houston,21,70,8,13,143,SE,116,Partly cloudy,0.0,0.0,64,10,6,1024,31,58,23,73,14,57,21,70,9,15,21,70,6
2021-01-20,1800,Houston,20,68,7,12,148,SSE,119,Cloudy,0.0,0.0,72,10,6,1023,31,49,21,70,15,59,20,68,10,15,20,68,1
2021-01-20,2100,Houston,19,65,8,13,145,SE,116,Partly cloudy,0.0,0.0,82,10,6,1023,31,55,19,65,15,60,19,65,12,19,19,65,1
2021-01-21,0,Houston,17,63,9,14,170,S,116,Partly cloudy,0.0,0.0,88,10,6,1022,31,34,17,63,15,60,17,63,15,24,17,63,1
2021-01-21,300,Houston,17,63,6,9,191,S,116,Partly cloudy,0.0,0.0,91,10,6,1021,31,51,17,63,16,60,17,63,10,16,17,63,1
2021-01-21,600,Houston,17,62,5,8,193,SSW,116,Partly cloudy,0.0,0.0,95,5,2,1020,31,78,17,62,16,61,17,62,8,13,17,62,5
2021-01-21,900,Houston,18,64,8,13,193,SSW,143,Mist,0.0,0.0,92,7,4,1019,31,66,18,64,16,62,18,64,12,20,18,64,4
2021-01-21,1200,Houston,20,67,9,15,200,SSW,116,Partly cloudy,0.0,0.0,85,10,6,1018,31,85,20,67,17,63,20,67,13,21,20,67,5
2021-01-21,1500,Houston,21,71,9,14,199,SSW,122,Overcast,0.1,0.0,79,10,6,1015,30,100,23,74,18,64,21,71,12,19,21,71,5
2021-01-21,1800,Houston,21,70,9,15,191,SSW,353,Light rain shower,0.3,0.0,82,10,6,1014,30,90,22,71,18,64,21,70,14,22,21,70,1
2021-01-21,2100,Houston,20,68,10,16,190,S,353,Light rain shower,0.1,0.0,86,10,6,1013,30,79,20,68,18,64,20,68,15,24,20,68,1
2021-01-22,0,Houston,20,67,9,15,204,SSW,176,Patchy rain possible,0.2,0.0,92,10,6,1012,30,100,20,67,18,65,20,67,15,24,20,67,1
2021-01-22,300,Houston,19,67,9,15,216,SW,353,Light rain shower,0.2,0.0,93,5,2,1012,30,100,19,67,18,65,19,67,15,23,19,67,1
2021-01-22,600,Houston,20,67,8,13,228,SW,266,Light drizzle,0.3,0.0,94,7,4,1012,30,77,20,67,19,65,20,67,12,20,20,67,4
2021-01-22,900,Houston,20,68,6,10,246,WSW,353,Light rain shower,0.1,0.0,93,10,6,1012,30,88,20,68,19,66,20,68,10,15,20,68,4
2021-01-22,1200,Houston,21,70,5,8,265,W,122,Overcast,0.0,0.0,83,10,6,1013,30,71,23,73,18,64,21,70,7,11,21,70,5
2021-01-22,1500,Houston,23,73,5,8,282,WNW,116,Partly cloudy,0.0,0.0,66,10,6,1012,30,85,25,76,16,60,23,73,6,9,25,76,6
2021-01-22,1800,Houston,22,71,3,5,330,NNW,122,Overcast,0.0,0.0,66,10,6,1012,30,49,22,72,15,59,22,71,4,7,22,71,1
2021-01-22,2100,Houston,20,68,5,8,130,SE,116,Partly cloudy,0.0,0.0,77,10,6,1014,30,12,20,68,16,60,20,68,7,11,20,68,1
2021-01-23,0,Houston,18,65,4,7,59,ENE,116,Partly cloudy,0.0,0.0,81,10,6,1015,30,36,18,65,15,59,18,65,6,10,18,65,1
2021-01-23,300,Houston,17,62,8,12,67,ENE,116,Partly cloudy,0.0,0.0,87,10,6,1016,30,74,17,62,15,58,17,62,11,18,17,62,1
2021-01-23,600,Houston,16,60,8,13,77,ENE,119,Cloudy,0.0,0.0,86,10,6,1016,30,78,16,60,13,56,16,60,11,18,16,60,4
2021-01-23,900,Houston,16,60,7,11,82,E,119,Cloudy,0.0,0.0,83,10,6,1017,31,88,16,60,13,55,16,60,9,14,16,60,4
2021-01-23,1200,Houston,17,62,8,12,84,E,122,Overcast,0.0,0.0,78,10,6,1018,31,91,17,62,13,55,17,62,9,15,17,62,4
2021-01-23,1500,Houston,18,64,8,13,91,E,122,Overcast,0.0,0.0,76,10,6,1016,30,80,18,64,14,56,18,64,10,15,18,64,4
2021-01-23,1800,Houston,18,64,9,14,106,ESE,119,Cloudy,0.0,0.0,79,10,6,1015,30,92,18,64,14,58,18,64,12,19,18,64,1
2021-01-23,2100,Houston,17,63,9,15,107,ESE,122,Overcast,0.1,0.0,85,10,6,1015,30,100,17,63,15,58,17,63,13,21,17,63,1
2021-01-24,0,Houston,19,67,6,10,144,SE,296,Light rain,1.2,0.0,93,9,5,1014,30,100,19,67,18,65,19,67,10,16,19,67,1
2021-01-24,300,Houston,20,67,7,12,157,SSE,296,Light rain,0.8,0.0,94,10,6,1013,30,92,20,67,19,65,20,67,11,18,20,67,1
2021-01-24,600,Houston,19,67,9,15,164,SSE,353,Light rain shower,0.8,0.0,94,10,6,1012,30,76,19,67,18,65,19,67,15,23,19,67,4
2021-01-24,900,Houston,20,68,10,15,165,SSE,353,Light rain shower,0.4,0.0,93,10,6,1012,30,90,20,68,19,66,20,68,15,24,20,68,5
2021-01-24,1200,Houston,23,74,13,21,172,S,353,Light rain shower,0.4,0.0,78,10,6,1012,30,100,24,76,19,66,23,74,17,28,24,76,5
2021-01-24,1500,Houston,24,74,15,24,173,S,353,Light rain shower,0.3,0.0,74,10,6,1009,30,100,25,78,19,66,24,74,20,32,25,78,5
2021-01-24,1800,Houston,22,72,14,23,170,S,353,Light rain shower,0.2,0.0,81,10,6,1008,30,100,25,76,19,66,22,72,20,33,25,76,1
2021-01-24,2100,Houston,22,71,14,22,171,S,353,Light rain shower,0.1,0.0,87,10,6,1007,30,100,24,76,20,67,22,71,21,33,22,71,1
2021-01-25,0,Houston,22,71,13,21,169,S,176,Patchy rain possible,0.3,0.0,89,10,6,1009,30,100,24,76,20,68,22,71,20,32,22,71,1
2021-01-25,300,Houston,22,71,15,23,173,S,353,Light rain shower,0.3,0.0,87,10,6,1007,30,100,24,76,20,67,22,71,23,37,22,71,1
2021-01-25,600,Houston,22,71,14,23,187,S,353,Light rain shower,0.3,0.0,86,10,6,1007,30,100,24,76,19,67,22,71,22,35,22,71,5
2021-01-25,900,Houston,22,71,15,24,203,SSW,353,Light rain shower,0.4,0.0,84,10,6,1008,30,100,24,76,19,66,22,71,23,37,22,71,5
2021-01-25,1200,Houston,20,69,11,17,276,W,353,Light rain shower,0.5,0.0,50,10,6,1008,30,88,21,70,9,47,20,69,15,24,20,69,5
2021-01-25,1500,Houston,22,72,9,15,305,NW,353,Light rain shower,0.2,0.0,30,10,6,1007,30,27,22,72,3,38,22,72,11,18,22,72,5
2021-01-25,1800,Houston,22,72,6,10,292,WNW,113,Clear,0.0,0.0,30,10,6,1008,30,0,23,74,5,41,22,72,7,12,23,74,1
2021-01-25,2100,Houston,20,69,3,5,303,WNW,113,Clear,0.0,0.0,35,10,6,1010,30,12,21,70,5,41,20,69,4,7,20,69,1
2021-01-26,0,Houston,20,67,3,5,220,SW,113,Clear,0.0,0.0,41,10,6,1011,30,0,22,72,8,46,20,67,3,5,20,67,1
2021-01-26,300,Houston,19,66,3,5,112,ESE,113,Clear,0.0,0.0,36,10,6,1011,30,3,20,68,4,39,19,66,5,8,19,66,1
2021-01-26,600,Houston,18,64,4,6,70,ENE,116,Partly cloudy,0.0,0.0,30,10,6,1010,30,30,18,64,-0,31,18,64,6,10,18,64,5
2021-01-26,900,Houston,18,64,3,5,102,ESE,116,Partly cloudy,0.0,0.0,30,10,6,1012,30,52,18,64,0,32,18,64,4,7,18,64,5
2021-01-26,1200,Houston,19,66,5,8,85,E,116,Partly cloudy,0.0,0.0,31,10,6,1012,30,86,19,66,2,35,19,66,6,9,19,66,5
2021-01-26,1500,Houston,20,68,6,9,65,ENE,122,Overcast,0.0,0.0,35,10,6,1010,30,100,20,68,4,39,20,68,7,11,20,68,5
2021-01-26,1800,Houston,20,67,6,9,70,ENE,122,Overcast,0.0,0.0,43,10,6,1010,30,98,20,67,7,44,20,67,7,12,20,67,1
2021-01-26,2100,Houston,19,66,6,10,76,ENE,122,Overcast,0.0,0.0,51,10,6,1011,30,87,19,66,8,47,19,66,9,14,19,66,1
2021-01-27,0,Houston,20,67,3,4,137,SE,116,Partly cloudy,0.0,0.0,49,10,6,1012,30,26,20,67,9,47,20,67,4,6,20,67,1
2021-01-27,300,Houston,18,65,8,13,262,W,116,Partly cloudy,0.0,0.0,47,10,6,1014,30,77,18,65,7,44,18,65,11,18,18,65,1
2021-01-27,600,Houston,16,61,14,22,339,NNW,122,Overcast,0.0,0.0,47,10,6,1017,31,46,16,61,5,40,16,61,19,30,16,61,4
2021-01-27,900,Houston,15,59,13,21,355,N,116,Partly cloudy,0.0,0.0,48,10,6,1021,31,10,15,59,4,40,15,59,17,28,15,59,5
2021-01-27,1200,Houston,18,64,12,19,349,NNW,116,Partly cloudy,0.0,0.0,34,10,6,1024,31,11,18,64,1,34,18,64,15,23,18,64,5
2021-01-27,1500,Houston,20,67,12,19,115,ESE,116,Partly cloudy,0.0,0.0,24,10,6,1024,31,26,20,67,-2,29,20,67,14,22,20,67,5
2021-01-27,1800,Houston,19,65,11,18,4,N,116,Partly cloudy,0.0,0.0,27,10,6,1025,31,35,19,65,-1,30,19,65,15,24,19,65,1
2021-01-27,2100,Houston,16,61,11,18,18,NNE,116,Partly cloudy,0.0,0.0,42,10,6,1028,31,34,16,61,3,37,15,59,15,25,15,59,1
2021-01-28,0,Houston,14,57,10,17,21,NNE,122,Overcast,0.0,0.0,48,10,6,1030,31,93,14,57,3,38,13,56,14,23,13,56,1
2021-01-28,300,Houston,12,54,10,17,29,NNE,122,Overcast,0.0,0.0,54,10,6,1031,31,93,12,54,3,38,10,51,14,22,10,51,1
2021-01-28,600,Houston,10,50,10,15,44,NE,122,Overcast,0.0,0.0,64,10,6,1032,31,45,10,50,4,38,8,47,13,21,8,47,3
2021-01-28,900,Houston,10,49,9,15,61,ENE,116,Partly cloudy,0.0,0.0,66,10,6,1034,31,27,10,49,4,38,7,45,11,18,7,45,3
2021-01-28,1200,Houston,12,53,8,13,71,ENE,116,Partly cloudy,0.0,0.0,51,10,6,1034,31,32,12,53,2,35,11,51,9,14,11,51,4
2021-01-28,1500,Houston,15,59,6,10,73,ENE,116,Partly cloudy,0.0,0.0,36,10,6,1032,31,15,15,59,0,32,15,58,7,12,15,58,5
2021-01-28,1800,Houston,15,58,6,10,79,E,116,Partly cloudy,0.0,0.0,39,10,6,1031,31,17,15,58,1,33,14,58,7,12,14,58,1
2021-01-28,2100,Houston,13,56,6,10,103,ESE,116,Partly cloudy,0.0,0.0,45,10,6,1031,31,16,13,56,1,35,12,54,8,13,12,54,1
2021-01-29,0,Houston,12,54,5,9,118,ESE,116,Partly cloudy,0.0,0.0,51,10,6,1030,31,11,12,54,3,37,12,53,7,11,12,53,1
2021-01-29,300,Houston,11,53,4,6,117,ESE,116,Partly cloudy,0.0,0.0,59,10,6,1029,31,27,11,53,4,39,11,52,5,9,11,52,1
2021-01-29,600,Houston,11,51,5,8,81,E,116,Partly cloudy,0.0,0.0,66,10,6,1027,31,15,11,51,5,40,10,50,6,10,10,50,4
2021-01-29,900,Houston,11,51,6,10,69,ENE,116,Partly cloudy,0.0,0.0,68,10,6,1027,31,38,11,51,5,41,9,49,8,12,9,49,4
2021-01-29,1200,Houston,14,57,8,12,112,ESE,116,Partly cloudy,0.0,0.0,60,10,6,1026,31,68,14,57,6,44,14,56,9,14,14,56,4
2021-01-29,1500,Houston,17,62,10,16,137,SE,119,Cloudy,0.0,0.0,59,10,6,1023,31,84,17,62,8,47,17,62,11,18,17,62,4
2021-01-29,1800,Houston,16,61,10,16,135,SE,122,Overcast,0.0,0.0,65,10,6,1021,31,80,16,61,9,49,16,61,13,21,16,61,1
2021-01-29,2100,Houston,16,60,10,16,138,SE,119,Cloudy,0.0,0.0,71,10,6,1020,31,72,16,60,11,51,16,60,15,23,16,60,1
2021-01-30,0,Houston,15,60,9,14,154,SSE,116,Partly cloudy,0.0,0.0,75,10,6,1019,31,79,15,60,11,51,15,59,14,23,15,59,1
2021-01-30,300,Houston,16,61,9,15,168,SSE,122,Overcast,0.0,0.0,77,10,6,1017,30,84,16,61,12,53,16,61,16,25,16,61,1
2021-01-30,600,Houston,16,62,11,18,175,S,119,Cloudy,0.0,0.0,81,10,6,1014,30,91,16,62,13,55,16,62,18,30,16,62,4
2021-01-30,900,Houston,18,64,13,21,180,S,122,Overcast,0.0,0.0,81,10,6,1013,30,89,18,64,14,58,18,64,21,34,18,64,4
2021-01-30,1200,Houston,20,67,15,23,189,S,119,Cloudy,0.0,0.0,77,10,6,1012,30,89,20,67,16,60,20,67,22,36,20,67,4
2021-01-30,1500,Houston,21,69,13,21,205,SSW,122,Overcast,0.1,0.0,79,5,2,1011,30,97,21,69,17,62,21,69,19,31,21,69,5
2021-01-30,1800,Houston,20,68,10,15,226,SW,266,Light drizzle,0.7,0.0,87,7,4,1011,30,100,20,68,18,64,20,68,15,24,20,68,1
2021-01-30,2100,Houston,16,60,7,11,230,SW,296,Light rain,0.7,0.0,92,10,6,1012,30,81,18,64,19,65,16,60,11,17,16,60,1
2021-01-31,0,Houston,18,64,8,12,250,WSW,353,Light rain shower,0.4,0.0,93,10,6,1014,30,68,18,64,17,62,18,64,13,21,18,64,1
2021-01-31,300,Houston,17,62,7,12,277,W,176,Patchy rain possible,0.1,0.0,72,10,6,1014,30,24,17,62,12,53,17,62,11,18,17,62,1
2021-01-31,600,Houston,16,60,7,11,306,NW,113,Sunny,0.0,0.0,48,10,6,1016,30,0,16,60,5,40,15,59,11,17,15,59,5
2021-01-31,900,Houston,15,59,10,15,331,NNW,113,Sunny,0.0,0.0,42,10,6,1019,31,0,15,59,3,37,15,59,13,22,15,59,5
2021-01-31,1200,Houston,17,63,12,19,334,NNW,113,Sunny,0.0,0.0,39,10,6,1022,31,0,17,63,3,38,17,63,15,23,17,63,5
2021-01-31,1500,Houston,19,66,13,22,329,NNW,113,Sunny,0.0,0.0,34,10,6,1021,31,0,19,66,3,37,19,66,15,25,19,66,5
2021-01-31,1800,Houston,18,64,14,22,330,NNW,113,Clear,0.0,0.0,37,10,6,1022,31,0,18,64,3,37,18,64,18,30,18,64,1
2021-01-31,2100,Houston,15,59,13,21,341,NNW,113,Clear,0.0,0.0,42,10,6,1024,31,0,15,59,2,36,14,57,19,30,14,57,1
